date,annee,trimestre,mois,demandeur_total_abcd_total,demandeur_homme_abcd_total,demandeur_femme_abcd_total,demandeur_total_abcd_moins25,demandeur_total_abcd_2549,demandeur_total_abcd_plus50,demandeur_homme_abcd_moins25,demandeur_homme_abcd_2549,demandeur_homme_abcd_plus50,demandeur_femme_abcd_moins25,demandeur_femme_abcd_2549,demandeur_femme_abcd_plus50,nb_offres_france_travail,population_active,taux_chomage_insee,taux_chomage_ocde,taux_euribor_3m,MRO,ipc,isj,ipc_energie_only,indicateur_climat_affaires,indicateur_climat_emploi,indicateur_retournement_conjoncturel,pib,ict,nb_defaillances_entreprise,nb_interimaires
1990-01-01,1990,1,1,,,,,,,,,,,,,,25871210.0,8.0,9.5,,,,,,115.7,,1.0,388956.0,,3998.0,
1990-02-01,1990,1,2,,,,,,,,,,,,,,,,9.5,,,,,,113.5,,0.9,,,3815.0,
1990-03-01,1990,1,3,,,,,,,,,,,,,,,,9.5,,,,,,111.5,,0.9,,,4304.0,
1990-04-01,1990,2,4,,,,,,,,,,,,,,,,9.4,,,,,,110.9,,0.7,391046.0,,3506.0,
1990-05-01,1990,2,5,,,,,,,,,,,,,,,,9.4,,,,,,110.7,,0.9,,,3744.0,
1990-06-01,1990,2,6,,,,,,,,,,,,,,,,9.4,,,,,,108.9,,1.0,,,4060.0,
1990-07-01,1990,3,7,,,,,,,,,,,,,,,,9.3,,,,,,109.9,,1.0,393587.0,,3803.0,
1990-08-01,1990,3,8,,,,,,,,,,,,,,,,9.3,,,,,,103.9,,-0.9,,,1679.0,
1990-09-01,1990,3,9,,,,,,,,,,,,,,,,9.3,,,,,,102.8,,-1.0,,,3934.0,
1990-10-01,1990,4,10,,,,,,,,,,,,,,,,9.3,,,,,,101.9,,-1.0,393398.0,,4808.0,
1990-11-01,1990,4,11,,,,,,,,,,,,,,,,9.3,,,,,,100.2,,-1.0,,,4584.0,
1990-12-01,1990,4,12,,,,,,,,,,,,,,,,9.3,,,,,,98.8,,-1.0,,,3894.0,
1991-01-01,1991,1,1,,,,,,,,,,,,,,25748991.0,8.2,9.2,,,3.3,4.0,5.8,95.4,102.9,-1.0,394433.0,,4757.0,
1991-02-01,1991,1,2,,,,,,,,,,,,,,,,9.3,,,3.4,4.0,5.7,84.9,101.1,-1.0,,,4601.0,
1991-03-01,1991,1,3,,,,,,,,,,,,,,,,9.3,,,3.3,3.9,4.2,94.2,99.4,-0.9,,,4839.0,
1991-04-01,1991,2,4,,,,,,,,,,,,,,,,9.4,,,3.1,3.9,4.0,96.0,97.6,-0.7,395890.0,,4558.0,
1991-05-01,1991,2,5,,,,,,,,,,,,,,,,9.4,,,3.3,3.9,4.7,92.5,94.6,-0.9,,,4031.0,
1991-06-01,1991,2,6,,,,,,,,,,,,,,,,9.5,,,3.5,3.9,5.6,93.9,91.6,-0.8,,,4697.0,
1991-07-01,1991,3,7,,,,,,,,,,,,,,,,9.6,,,3.8,3.9,6.0,92.3,88.5,-0.9,397495.0,,4594.0,
1991-08-01,1991,3,8,,,,,,,,,,,,,,,,9.7,,,3.2,3.9,1.9,93.2,89.0,-1.0,,,1828.0,
1991-09-01,1991,3,9,,,,,,,,,,,,,,,,9.8,,,2.6,3.9,-3.0,94.7,89.4,-0.9,,,4395.0,
1991-10-01,1991,4,10,,,,,,,,,,,,,,,,9.9,,,2.7,3.8,-5.0,93.0,89.8,-1.0,399413.0,,5492.0,
1991-11-01,1991,4,11,,,,,,,,,,,,,,,,10.0,,,3.3,3.8,-1.6,91.4,90.7,-1.0,,,4648.0,
1991-12-01,1991,4,12,,,,,,,,,,,,,,,,10.1,,,3.0,3.8,-0.7,91.5,91.3,-1.0,,,4423.0,
1992-01-01,1992,1,1,,,,,,,,,,,,,,25968918.0,9.0,10.2,,,2.6,3.4,-2.2,91.7,92.0,-1.0,402270.0,,5351.0,
1992-02-01,1992,1,2,,,,,,,,,,,,,,,,10.3,,,2.8,3.6,-1.6,95.3,91.0,-1.0,,,5208.0,
1992-03-01,1992,1,3,,,,,,,,,,,,,,,,10.3,,,2.9,3.6,0.1,95.5,90.1,-1.0,,,5309.0,
1992-04-01,1992,2,4,,,,,,,,,,,,,,,,10.4,,,2.8,3.6,0.4,89.8,89.5,-1.0,402721.0,,4897.0,
1992-05-01,1992,2,5,,,,,,,,,,,,,,,,10.5,,,2.8,3.6,0.0,92.8,89.7,-1.0,,,4440.0,
1992-06-01,1992,2,6,,,,,,,,,,,,,,,,10.6,,,2.5,3.5,-0.2,92.7,90.2,-1.0,,,5170.0,
1992-07-01,1992,3,7,,,,,,,,,,,,,,,,10.7,,,2.2,3.4,-0.8,88.6,90.8,-1.0,402258.0,,5064.0,
1992-08-01,1992,3,8,,,,,,,,,,,,,,,,10.8,,,2.0,3.5,-1.9,85.1,88.9,-1.0,,,1993.0,
1992-09-01,1992,3,9,,,,,,,,,,,,,,,,10.9,,,2.2,3.6,-2.6,82.5,87.1,-1.0,,,5287.0,
1992-10-01,1992,4,10,,,,,,,,,,,,,,,,10.9,,,1.9,3.5,-2.3,82.7,84.8,-1.0,402334.0,,5946.0,
1992-11-01,1992,4,11,,,,,,,,,,,,,,,,11.0,,,1.6,3.3,-2.6,82.4,83.1,-1.0,,,5645.0,
1992-12-01,1992,4,12,,,,,,,,,,,,,,,,11.1,,,1.9,3.2,-1.8,78.2,81.6,-1.0,,,5279.0,
1993-01-01,1993,1,1,,,,,,,,,,,,,,26135835.0,10.0,11.2,,,2.1,3.0,-0.5,78.2,80.1,-1.0,400161.0,,5730.0,
1993-02-01,1993,1,2,,,,,,,,,,,,,,,,11.3,,,2.0,2.9,-0.2,77.7,80.5,-0.9,,,5598.0,
1993-03-01,1993,1,3,,,,,,,,,,,,,,,,11.4,,,2.2,2.9,0.4,76.1,80.9,-0.9,,,6330.0,
1993-04-01,1993,2,4,,,,,,,,,,,,,,,,11.6,,,2.2,2.8,0.7,80.3,81.0,-0.7,400180.0,,5034.0,
1993-05-01,1993,2,5,,,,,,,,,,,,,,,,11.7,,,2.0,2.6,0.6,80.2,81.2,-1.0,,,4941.0,
1993-06-01,1993,2,6,,,,,,,,,,,,,,,,11.8,,,2.0,2.5,0.3,73.7,81.2,-1.0,,,5928.0,
1993-07-01,1993,3,7,,,,,,,,,,,,,,,,11.9,,,2.1,2.1,2.3,80.1,81.1,-1.0,400670.0,,5232.0,
1993-08-01,1993,3,8,,,,,,,,,,,,,,,,12.0,,,2.2,2.1,3.7,82.2,82.3,-0.9,,,2337.0,
1993-09-01,1993,3,9,,,,,,,,,,,,,,,,12.2,,,2.2,2.0,4.4,83.7,83.4,-0.7,,,5790.0,
1993-10-01,1993,4,10,,,,,,,,,,,,,,,,12.3,,,2.1,2.0,4.2,84.6,84.4,-0.6,401724.0,,6155.0,
1993-11-01,1993,4,11,,,,,,,,,,,,,,,,12.4,,,2.1,1.9,4.0,88.3,85.1,0.03,,,5620.0,
1993-12-01,1993,4,12,,,,,,,,,,,,,,,,12.4,,,2.1,1.8,3.8,91.6,85.8,0.5,,,5014.0,
1994-01-01,1994,1,1,,,,,,,,,,,,,,26228093.0,10.6,12.5,6.91,,1.8,1.7,3.7,92.6,86.6,1.0,404451.0,,5948.0,
1994-02-01,1994,1,2,,,,,,,,,,,,,,,,12.5,6.86,,1.8,1.6,3.5,94.0,88.8,1.0,,,5599.0,
1994-03-01,1994,1,3,,,,,,,,,,,,,,,,12.5,6.75,,1.5,1.5,2.7,97.9,90.9,1.0,,,5944.0,
1994-04-01,1994,2,4,,,,,,,,,,,,,,,,12.5,6.57,,1.6,1.4,2.7,99.7,93.2,1.0,408509.0,,4806.0,
1994-05-01,1994,2,5,,,,,,,,,,,,,,,,12.4,6.24,,1.7,1.4,2.8,103.3,93.3,1.0,,,5142.0,
1994-06-01,1994,2,6,,,,,,,,,,,,,,,,12.3,6.3,,1.7,1.3,2.9,103.5,93.6,1.0,,,5734.0,
1994-07-01,1994,3,7,,,,,,,,,,,,,,,,12.3,6.34,,1.6,1.5,0.7,103.8,93.8,1.0,412199.0,,4781.0,
1994-08-01,1994,3,8,,,,,,,,,,,,,,,,12.2,6.43,,1.6,1.3,0.4,106.7,96.0,1.0,,,1833.0,
1994-09-01,1994,3,9,,,,,,,,,,,,,,,,12.1,6.38,,1.6,1.3,-0.1,109.2,98.3,1.0,,,5467.0,
1994-10-01,1994,4,10,,,,,,,,,,,,,,,,12.1,6.43,,1.7,1.3,-0.4,109.9,100.2,1.0,416085.0,,5498.0,
1994-11-01,1994,4,11,,,,,,,,,,,,,,,,12.0,6.4,,1.6,1.2,-0.4,109.9,101.8,1.0,,,5424.0,
1994-12-01,1994,4,12,,,,,,,,,,,,,,,,11.9,6.69,,1.6,1.2,-0.1,108.2,102.7,0.9,,,4778.0,
1995-01-01,1995,1,1,,,,,,,,,,,,,,26380077.0,10.0,11.8,6.66,,1.7,1.3,1.0,109.4,103.5,0.9,418051.0,,5658.0,
1995-02-01,1995,1,2,,,,,,,,,,,,,,,,11.8,6.59,,1.7,1.4,1.5,107.3,102.2,-0.8,,,5362.0,
1995-03-01,1995,1,3,,,,,,,,,,,,,,,,11.8,7.58,,1.8,1.3,1.4,107.6,101.4,-0.9,,,5643.0,
1995-04-01,1995,2,4,,,,,,,,,,,,,,,,11.8,7.29,,1.7,1.2,1.3,105.9,100.2,-0.8,420792.0,,4481.0,
1995-05-01,1995,2,5,,,,,,,,,,,,,,,,11.9,7.04,,1.6,1.2,1.5,107.2,99.1,-0.6,,,4552.0,
1995-06-01,1995,2,6,,,,,,,,,,,,,,,,11.9,7.08,,1.6,1.2,1.6,105.7,98.1,-0.6,,,5208.0,
1995-07-01,1995,3,7,,,,,,,,,,,,,,,,11.9,6.92,,1.5,1.2,1.3,105.6,97.3,-0.4,421449.0,,4571.0,
1995-08-01,1995,3,8,,,,,,,,,,,,,,,,12.0,6.66,,2.0,0.8,2.0,102.0,98.9,-1.0,,,1962.0,
1995-09-01,1995,3,9,,,,,,,,,,,,,,,,12.1,6.5,,2.0,0.8,2.8,99.6,100.6,-1.0,,,5361.0,
1995-10-01,1995,4,10,,,,,,,,,,,,,,,,12.1,6.75,,1.9,0.8,2.9,97.2,102.2,-1.0,421283.0,,5802.0,
1995-11-01,1995,4,11,,,,,,,,,,,,,,,,12.2,6.45,,2.0,0.8,2.9,94.7,99.0,-1.0,,,5691.0,
1995-12-01,1995,4,12,,,,,,,,,,,,,,,,12.2,6.32,,2.1,0.7,3.5,88.2,96.1,-1.0,,,4654.0,
1996-01-01,1996,1,1,3961200.0,1834700.0,2126500.0,849400.0,2686200.0,425600.0,387200.0,1222900.0,224600.0,462200.0,1463300.0,201000.0,,26684433.0,10.5,12.3,5.81,,1.9,0.6,3.6,89.2,93.2,-1.0,424211.0,,5233.0,
1996-02-01,1996,1,2,,,,,,,,,,,,,,,,12.3,5.58,,2.0,0.6,3.6,90.6,93.6,-0.7,,,5501.0,
1996-03-01,1996,1,3,,,,,,,,,,,,,,,,12.3,5.5,,2.4,0.9,4.6,93.9,94.0,-0.7,,,5210.0,
1996-04-01,1996,2,4,3997100.0,1854700.0,2142400.0,852800.0,2709600.0,434700.0,389700.0,1236100.0,228900.0,463100.0,1473500.0,205800.0,,,,12.3,5.27,,2.4,0.9,5.5,94.6,94.4,-0.5,425029.0,,4978.0,
1996-05-01,1996,2,5,,,,,,,,,,,,,,,,12.4,5.06,,2.4,1.0,5.3,91.0,94.3,-0.9,,,4649.0,
1996-06-01,1996,2,6,,,,,,,,,,,,,,,,12.4,5.08,,2.3,1.0,4.6,89.8,94.2,-0.9,,,5166.0,
1996-07-01,1996,3,7,4057400.0,1887600.0,2169800.0,863700.0,2747900.0,445800.0,396000.0,1257400.0,234200.0,467700.0,1490500.0,211600.0,,,,12.4,5.06,,2.3,0.9,4.9,88.7,93.9,-1.0,426670.0,,5185.0,
1996-08-01,1996,3,8,,,,,,,,,,,,,,,,12.4,5.08,,1.6,1.3,3.7,89.0,94.0,-0.1,,,1962.0,
1996-09-01,1996,3,9,,,,,,,,,,,,,,,,12.5,4.86,,1.6,1.2,4.7,89.6,94.1,-0.3,,,5375.0,
1996-10-01,1996,4,10,4103500.0,1919400.0,2184100.0,865400.0,2781000.0,457100.0,400500.0,1278900.0,240000.0,464900.0,1502100.0,217100.0,,,,12.5,4.69,,1.7,1.1,6.4,90.4,93.8,-0.07,428311.0,,6249.0,
1996-11-01,1996,4,11,,,,,,,,,,,,,,,,12.5,4.57,,1.5,0.8,6.8,92.1,94.3,0.06,,,5199.0,
1996-12-01,1996,4,12,,,,,,,,,,,,,,,,12.5,4.5,,1.7,0.9,6.6,93.8,95.8,0.3,,,5053.0,
1997-01-01,1997,1,1,4154800.0,1947500.0,2207300.0,867100.0,2817700.0,470000.0,402000.0,1298700.0,246800.0,465100.0,1519000.0,223200.0,,26651660.0,10.6,12.5,4.39,,1.8,0.8,6.1,97.7,96.8,0.8,430140.0,,5584.0,
1997-02-01,1997,1,2,,,,,,,,,,,,,,,,12.5,4.43,,1.6,1.0,5.3,100.0,97.1,1.0,,,5431.0,
1997-03-01,1997,1,3,,,,,,,,,,,,,,,,12.5,4.5,,1.0,0.8,3.8,99.6,97.3,1.0,,,5210.0,
1997-04-01,1997,2,4,4201200.0,1967800.0,2233400.0,857800.0,2858800.0,484600.0,396900.0,1316900.0,254000.0,460900.0,1541900.0,230600.0,,,,12.4,4.39,,0.9,0.7,2.1,98.2,97.2,0.8,434654.0,,5120.0,
1997-05-01,1997,2,5,,,,,,,,,,,,,,,,12.4,4.3,,0.9,0.6,1.5,97.2,97.3,0.8,,,4735.0,
1997-06-01,1997,2,6,,,,,,,,,,,,,,,,12.4,4.29,,1.0,0.5,1.9,98.9,97.9,1.0,,,5405.0,
1997-07-01,1997,3,7,4231600.0,1976700.0,2254900.0,847300.0,2887100.0,497200.0,389700.0,1327200.0,259800.0,457600.0,1559900.0,237400.0,,,,12.4,4.3,,1.0,0.5,1.7,99.1,97.8,0.9,438976.0,,5023.0,
1997-08-01,1997,3,8,,,,,,,,,,,,,,,,12.3,4.36,,1.5,0.7,2.9,101.9,98.0,1.0,,,1784.0,
1997-09-01,1997,3,9,,,,,,,,,,,,,,,,12.3,4.31,,1.4,0.6,1.4,105.8,98.2,1.0,,,5312.0,
1997-10-01,1997,4,10,4244900.0,1974100.0,2270800.0,839000.0,2898200.0,507700.0,384200.0,1325600.0,264300.0,454800.0,1572600.0,243400.0,,,,12.2,4.44,,1.0,0.5,0.1,103.6,98.4,1.0,443314.0,,5782.0,
1997-11-01,1997,4,11,,,,,,,,,,,,,,,,12.2,4.49,,1.3,0.7,0.3,106.3,99.3,1.0,,,4765.0,
1997-12-01,1997,4,12,,,,,,,,,,,,,,,,12.1,4.37,,1.1,0.8,-0.3,108.7,100.0,1.0,,,4835.0,
1998-01-01,1998,1,1,4253000.0,1967800.0,2285200.0,821200.0,2910000.0,521800.0,375000.0,1322500.0,270300.0,446200.0,1587500.0,251500.0,,26832480.0,10.2,12.1,4.26,,0.6,0.6,-1.5,107.9,100.8,1.0,447564.0,60.3,5169.0,
1998-02-01,1998,1,2,,,,,,,,,,,,,,,,12.0,4.24,,0.8,0.6,-1.6,109.8,102.4,1.0,,,4981.0,
1998-03-01,1998,1,3,,,,,,,,,,,,,,,,12.0,4.11,,0.9,0.6,-1.7,112.8,104.2,1.0,,,4905.0,
1998-04-01,1998,2,4,4250600.0,1954800.0,2295800.0,803400.0,2913400.0,533800.0,365600.0,1314200.0,275000.0,437800.0,1599200.0,258800.0,,,,12.0,4.09,,1.0,0.6,-1.1,110.3,105.8,0.9,450769.0,60.4,4460.0,
1998-05-01,1998,2,5,,,,,,,,,,,,,,,,12.1,4.06,,0.9,0.7,-2.0,112.2,106.6,1.0,,,3928.0,
1998-06-01,1998,2,6,,,,,,,,,,,,,,,,12.1,4.02,,1.0,0.8,-2.4,114.4,107.5,1.0,,,4543.0,
1998-07-01,1998,3,7,4247600.0,1945000.0,2302600.0,793300.0,2908200.0,546100.0,361100.0,1303900.0,280000.0,432200.0,1604300.0,266100.0,,,,12.1,3.95,,0.8,0.7,-2.5,112.0,108.6,1.0,453100.0,60.9,4113.0,
1998-08-01,1998,3,8,,,,,,,,,,,,,,,,12.1,3.93,,0.6,0.7,-4.1,111.0,107.1,1.0,,,1462.0,
1998-09-01,1998,3,9,,,,,,,,,,,,,,,,12.1,3.93,,0.4,0.8,-4.1,108.2,105.5,0.9,,,4919.0,
1998-10-01,1998,4,10,4266000.0,1947800.0,2318200.0,791900.0,2915700.0,558400.0,362200.0,1301000.0,284600.0,429700.0,1614700.0,273800.0,,,,12.0,3.81,,0.4,0.9,-4.0,105.2,104.1,-0.7,456206.0,61.2,4902.0,
1998-11-01,1998,4,11,,,,,,,,,,,,,,,,12.0,3.69,,0.2,0.9,-5.2,103.3,103.6,-0.6,,,4413.0,
1998-12-01,1998,4,12,,,,,,,,,,,,,,,,12.0,3.37,,0.2,0.8,-5.3,99.8,102.9,-0.8,,,4173.0,
1999-01-01,1999,1,1,4274300.0,1947600.0,2326700.0,789800.0,2914900.0,569600.0,363500.0,1295800.0,288300.0,426300.0,1619100.0,281300.0,,27142160.0,9.9,12.0,3.1321,3.0,0.2,0.8,-5.7,101.2,102.1,-0.7,459345.0,61.3,4458.0,
1999-01-01,1999,1,1,4274300.0,1947600.0,2326700.0,789800.0,2914900.0,569600.0,363500.0,1295800.0,288300.0,426300.0,1619100.0,281300.0,,27142160.0,9.9,12.0,3.1321,3.0,0.2,0.8,-5.7,101.2,102.1,-0.7,459345.0,61.3,4458.0,
1999-01-01,1999,1,1,4274300.0,1947600.0,2326700.0,789800.0,2914900.0,569600.0,363500.0,1295800.0,288300.0,426300.0,1619100.0,281300.0,,27142160.0,9.9,12.0,3.1321,3.0,0.2,0.8,-5.7,101.2,102.1,-0.7,459345.0,61.3,4458.0,
1999-02-01,1999,1,2,,,,,,,,,,,,,,,,12.0,3.0934,,0.2,0.7,-5.6,102.4,104.1,-0.03,,,4391.0,
1999-03-01,1999,1,3,,,,,,,,,,,,,,,,11.8,3.0467,,0.3,0.8,-4.2,100.4,105.9,0.6,,,5054.0,
1999-04-01,1999,2,4,4279800.0,1942000.0,2337800.0,786100.0,2914400.0,579300.0,362800.0,1288500.0,290700.0,423300.0,1625900.0,288600.0,,,,11.7,2.6965,2.5,0.4,0.8,-2.3,103.3,107.8,0.8,462324.0,62.1,3895.0,
1999-05-01,1999,2,5,,,,,,,,,,,,,,,,11.5,2.579,,0.4,0.8,-1.7,105.2,108.1,1.0,,,3870.0,
1999-06-01,1999,2,6,,,,,,,,,,,,,,,,11.4,2.6267,,0.3,0.8,-1.1,104.5,108.4,1.0,,,4402.0,
1999-07-01,1999,3,7,4198400.0,1892000.0,2306400.0,759100.0,2875300.0,564000.0,349000.0,1263500.0,279500.0,410100.0,1611800.0,284500.0,,,,11.3,2.6765,,0.4,0.7,0.6,107.7,109.0,1.0,469134.0,62.7,3748.0,
1999-08-01,1999,3,8,,,,,,,,,,,,,,,,11.1,2.695,,0.5,0.6,2.7,111.4,111.1,1.0,,,1474.0,
1999-09-01,1999,3,9,,,,,,,,,,,,,,,,11.0,2.7267,,0.7,0.6,4.0,115.1,113.3,1.0,,,4614.0,
1999-10-01,1999,4,10,4111400.0,1834500.0,2276900.0,720700.0,2823900.0,566800.0,327000.0,1229200.0,278300.0,393700.0,1594700.0,288500.0,,,,10.8,3.3757,,0.8,0.7,4.6,117.6,115.4,1.0,475778.0,63.4,4468.0,
1999-11-01,1999,4,11,,,,,,,,,,,,,,,,10.7,3.4677,3.0,0.9,0.6,5.8,118.6,116.3,1.0,,,4201.0,
1999-12-01,1999,4,12,,,,,,,,,,,,,,,,10.5,3.446,,1.3,0.7,9.6,121.0,117.0,1.0,,,3767.0,
2000-01-01,2000,1,1,4018600.0,1774200.0,2244400.0,690800.0,2764100.0,563700.0,310100.0,1190400.0,273700.0,380700.0,1573700.0,290000.0,,27313657.0,8.5,10.4,3.3431,,1.5,1.1,11.9,115.7,117.7,1.0,480413.0,64.0,4062.0,626034.321716824
2000-02-01,2000,1,2,,,,,,,,,,,,,,,,10.2,3.5368,3.25,1.4,0.7,12.9,116.0,115.2,0.9,,,3987.0,
2000-03-01,2000,1,3,,,,,,,,,,,,,,,,10.1,3.747,3.5,1.5,0.8,14.2,116.7,112.9,1.0,,,4299.0,
2000-04-01,2000,2,4,3890000.0,1701100.0,2188900.0,654800.0,2673800.0,561400.0,291600.0,1139200.0,270300.0,363200.0,1534600.0,291100.0,,,,9.9,3.9253,3.75,1.2,1.0,10.9,115.8,110.8,1.0,485729.0,64.8,3092.0,654917.645197839
2000-05-01,2000,2,5,,,,,,,,,,,,,,,,9.7,4.362,,1.4,1.1,12.7,115.3,114.6,1.0,,,3780.0,
2000-06-01,2000,2,6,,,,,,,,,,,,,,,,9.5,4.5017,4.25,1.7,1.2,14.9,117.0,118.9,1.0,,,3733.0,
2000-07-01,2000,3,7,3807900.0,1659300.0,2148600.0,632600.0,2613900.0,561400.0,281900.0,1108900.0,268500.0,350700.0,1505000.0,292900.0,,,,9.4,4.5829,,1.8,1.2,14.1,116.8,115.2,0.9,489490.0,65.1,3357.0,665404.780110458
2000-08-01,2000,3,8,,,,,,,,,,,,,,,,9.3,4.7771,,1.8,1.2,12.2,118.0,117.0,0.9,,,1409.0,
2000-09-01,2000,3,9,,,,,,,,,,,,,,,,9.1,4.8528,,2.1,1.3,15.9,118.4,117.8,1.0,,,4259.0,
2000-10-01,2000,4,10,3690300.0,1601400.0,2088900.0,604600.0,2530000.0,555700.0,267400.0,1069500.0,264500.0,337200.0,1460500.0,291200.0,,,,9.0,5.0413,,2.0,1.3,12.3,116.6,118.1,1.0,492460.0,65.9,4491.0,651193.119729661
2000-11-01,2000,4,11,,,,,,,,,,,,,,,,8.9,5.092,,2.1,1.4,13.3,114.5,120.0,0.9,,,4085.0,
2000-12-01,2000,4,12,,,,,,,,,,,,,,,,8.8,4.9392,,1.6,1.4,7.8,114.5,118.8,0.9,,,3414.0,
2001-01-01,2001,1,1,3609400.0,1565300.0,2044100.0,588000.0,2468100.0,553300.0,260900.0,1041900.0,262500.0,327100.0,1426200.0,290800.0,,27441602.0,7.8,8.7,4.7707,,1.2,1.3,1.4,113.0,117.7,0.8,495040.0,66.6,3946.0,676865.312560305
2001-02-01,2001,1,2,,,,,,,,,,,,,,,,8.7,4.7558,,1.4,1.5,1.3,112.7,118.8,0.9,,,3201.0,
2001-03-01,2001,1,3,,,,,,,,,,,,,,,,8.7,4.7086,,1.3,1.5,-0.7,113.4,117.4,0.6,,,1913.0,
2001-04-01,2001,2,4,3581100.0,1558900.0,2022200.0,586200.0,2442800.0,552100.0,263400.0,1034100.0,261400.0,322800.0,1408700.0,290700.0,,,,8.7,4.682,,1.8,1.4,1.6,107.8,116.1,-0.9,495137.0,66.8,4247.0,645555.263713707
2001-05-01,2001,2,5,,,,,,,,,,,,,,,,8.7,4.6367,,2.3,1.4,3.7,105.1,111.8,-0.9,,,3959.0,
2001-06-01,2001,2,6,,,,,,,,,,,,,,,,8.8,4.4536,,2.1,1.4,1.8,104.3,110.2,-0.7,,,4081.0,
2001-07-01,2001,3,7,3592500.0,1578300.0,2014200.0,597800.0,2442200.0,552500.0,275100.0,1042200.0,261000.0,322700.0,1400000.0,291500.0,,,,8.8,4.4671,,2.0,1.6,-0.7,102.3,105.8,-0.9,497990.0,67.2,3616.0,629667.972117551
2001-08-01,2001,3,8,,,,,,,,,,,,,,,,8.8,4.3535,,1.8,1.8,-2.2,100.9,106.8,-1.0,,,1509.0,
2001-09-01,2001,3,9,,,,,,,,,,,,,,,,8.8,3.9829,,1.5,1.8,-5.7,98.8,107.0,-1.0,,,4191.0,
2001-10-01,2001,4,10,3658600.0,1627700.0,2030900.0,620900.0,2476500.0,561200.0,292600.0,1069500.0,265600.0,328300.0,1407000.0,295600.0,,,,8.8,3.5999,,1.7,1.9,-4.7,94.8,108.1,-1.0,495811.0,67.6,4749.0,596817.192806606
2001-11-01,2001,4,11,,,,,,,,,,,,,,,,8.8,3.3857,,1.2,1.8,-7.6,94.9,102.2,-0.8,,,4210.0,
2001-12-01,2001,4,12,,,,,,,,,,,,,,,,8.8,3.3449,,1.4,2.0,-7.5,95.6,103.3,-0.8,,,3660.0,
2002-01-01,2002,1,1,3693700.0,1663200.0,2030500.0,630400.0,2496500.0,566800.0,301500.0,1093000.0,268700.0,328900.0,1403500.0,298100.0,,27809449.0,7.9,8.8,3.3388,,2.3,2.2,-2.8,97.5,101.5,0.2,498679.0,68.5,4207.0,615727.777476742
2002-02-01,2002,1,2,,,,,,,,,,,,,,,,8.8,3.3571,,2.1,2.1,-3.6,98.8,100.3,0.1,,,2385.0,
2002-03-01,2002,1,3,,,,,,,,,,,,,,,,8.7,3.3908,,2.1,2.2,-2.4,100.1,101.4,1.0,,,4616.0,
2002-04-01,2002,2,4,3724100.0,1693400.0,2030700.0,635200.0,2515500.0,573400.0,306400.0,1113900.0,273100.0,328800.0,1401600.0,300300.0,,,,8.7,3.4069,,2.0,2.1,-1.1,102.7,106.9,0.9,500985.0,69.1,3771.0,613036.439706958
2002-05-01,2002,2,5,,,,,,,,,,,,,,,,8.6,3.4671,,1.5,2.1,-4.6,103.3,103.8,0.9,,,3849.0,
2002-06-01,2002,2,6,,,,,,,,,,,,,,,,8.6,3.464,,1.4,2.1,-5.6,102.2,101.8,0.07,,,4007.0,
2002-07-01,2002,3,7,3746500.0,1717100.0,2029400.0,642600.0,2524500.0,579400.0,312000.0,1127100.0,278000.0,330600.0,1397400.0,301400.0,,,,8.6,3.41,,1.6,2.3,-4.3,100.0,102.6,-0.6,503079.0,69.6,3761.0,600344.027247837
2002-08-01,2002,3,8,,,,,,,,,,,,,,,,8.6,3.3519,,1.9,2.1,-1.4,98.9,100.7,-0.4,,,1310.0,
2002-09-01,2002,3,9,,,,,,,,,,,,,,,,8.6,3.3101,,1.8,2.0,-0.8,97.4,98.0,-0.7,,,4517.0,
2002-10-01,2002,4,10,3776000.0,1743900.0,2032100.0,648600.0,2544200.0,583200.0,316600.0,1146100.0,281200.0,332000.0,1398100.0,302000.0,,,,8.6,3.2613,,1.9,1.9,1.3,96.2,93.9,-0.9,503516.0,70.2,4666.0,593362.363071408
2002-11-01,2002,4,11,,,,,,,,,,,,,,,,8.6,3.1241,,2.2,2.0,2.0,98.3,97.1,-0.7,,,4145.0,
2002-12-01,2002,4,12,,,,,,,,,,,,,,,,8.5,2.941,,2.3,1.7,3.8,99.5,95.8,-0.5,,,3732.0,
2003-01-01,2003,1,1,3833700.0,1783000.0,2050700.0,661600.0,2581400.0,590700.0,324800.0,1172800.0,285400.0,336800.0,1408600.0,305300.0,,28339734.0,8.5,8.2,2.8318,,2.0,1.5,6.1,96.3,97.8,-0.6,505079.0,70.4,4250.0,589480.535952385
2003-02-01,2003,1,2,,,,,,,,,,,,,,,,8.3,2.6875,,2.6,2.0,8.3,95.1,96.1,-0.4,,,4315.0,
2003-03-01,2003,1,3,,,,,,,,,,,,,,,,8.4,2.53,,2.5,1.8,9.1,89.1,92.1,-1.0,,,4248.0,
2003-04-01,2003,2,4,3866600.0,1807500.0,2059100.0,660500.0,2611400.0,594700.0,324800.0,1194600.0,288100.0,335700.0,1416800.0,306600.0,,,,8.5,2.5333,,2.0,1.7,2.2,86.5,90.7,-0.7,502793.0,70.9,3856.0,584771.319446013
2003-05-01,2003,2,5,,,,,,,,,,,,,,,,8.5,2.4005,,1.8,1.6,-0.1,92.1,89.7,-0.3,,,3596.0,
2003-06-01,2003,2,6,,,,,,,,,,,,,,,,8.5,2.1519,,2.0,1.6,0.5,92.5,93.3,-0.8,,,3983.0,
2003-07-01,2003,3,7,3914300.0,1830200.0,2084100.0,666800.0,2649700.0,597800.0,327300.0,1213400.0,289500.0,339500.0,1436300.0,308300.0,,,,8.5,2.13,,1.9,1.4,2.2,94.6,94.4,0.3,508251.0,71.5,3940.0,587064.817218
2003-08-01,2003,3,8,,,,,,,,,,,,,,,,8.3,2.1404,,1.9,1.4,1.6,95.6,95.2,1.0,,,1207.0,
2003-09-01,2003,3,9,,,,,,,,,,,,,,,,8.6,2.1473,,2.1,1.6,0.4,95.2,95.5,1.0,,,4859.0,
2003-10-01,2003,4,10,3966200.0,1859700.0,2106500.0,686100.0,2679000.0,601100.0,337600.0,1231600.0,290500.0,348500.0,1447400.0,310600.0,,,,8.7,2.1436,,2.1,1.7,-0.3,95.4,95.7,1.0,510007.0,71.9,4884.0,603342.678749741
2003-11-01,2003,4,11,,,,,,,,,,,,,,,,8.8,2.159,,2.2,1.6,0.2,98.6,94.9,1.0,,,4092.0,
2003-12-01,2003,4,12,,,,,,,,,,,,,,,,9.0,2.1463,,2.2,1.7,-0.1,99.8,98.4,1.0,,,3986.0,
2004-01-01,2004,1,1,3938900.0,1842000.0,2096900.0,685100.0,2657800.0,596000.0,335500.0,1220700.0,285800.0,349600.0,1437100.0,310200.0,,28513168.0,8.9,8.9,2.0895,,2.0,1.6,-1.1,104.0,99.0,1.0,515573.0,72.8,4412.0,594162.852029446
2004-02-01,2004,1,2,,,,,,,,,,,,,,,,8.9,2.0706,,1.7,1.6,-3.5,102.6,97.3,0.9,,,4051.0,
2004-03-01,2004,1,3,,,,,,,,,,,,,,,,8.9,2.0288,,1.7,1.6,-3.3,102.5,102.0,1.0,,,4697.0,
2004-04-01,2004,2,4,3979500.0,1861200.0,2118300.0,692200.0,2688300.0,599000.0,338800.0,1236300.0,286100.0,353400.0,1452000.0,312900.0,,,,8.8,2.0488,,2.1,1.6,1.5,102.9,101.9,0.9,517795.0,73.4,3749.0,597101.996274864
2004-05-01,2004,2,5,,,,,,,,,,,,,,,,8.8,2.0859,,2.6,1.6,7.4,103.5,105.1,0.8,,,3839.0,
2004-06-01,2004,2,6,,,,,,,,,,,,,,,,8.8,2.1127,,2.5,1.6,6.9,102.9,101.5,0.9,,,4430.0,
2004-07-01,2004,3,7,4029400.0,1886500.0,2142900.0,700700.0,2723200.0,605500.0,342200.0,1255900.0,288400.0,358500.0,1467300.0,317100.0,,,,8.8,2.116,,2.4,1.7,5.9,104.5,102.6,0.9,519644.0,74.1,3684.0,602740.394172607
2004-08-01,2004,3,8,,,,,,,,,,,,,,,,8.9,2.1143,,2.4,1.9,7.3,104.8,102.3,0.8,,,1428.0,
2004-09-01,2004,3,9,,,,,,,,,,,,,,,,8.9,2.1186,,2.1,1.5,7.3,104.7,101.7,0.8,,,4902.0,
2004-10-01,2004,4,10,4066600.0,1903300.0,2163300.0,708700.0,2746300.0,611600.0,346200.0,1266800.0,290300.0,362500.0,1479500.0,321300.0,,,,8.9,2.1473,,2.1,1.3,10.6,105.4,103.3,1.0,524260.0,74.6,4764.0,618876.606121245
2004-11-01,2004,4,11,,,,,,,,,,,,,,,,9.0,2.1703,,2.1,1.4,11.4,103.5,103.7,0.8,,,4526.0,
2004-12-01,2004,4,12,,,,,,,,,,,,,,,,8.9,2.1732,,2.1,1.3,10.2,104.9,102.9,0.9,,,3875.0,
2005-01-01,2005,1,1,4085300.0,1910300.0,2175000.0,713500.0,2756900.0,614900.0,348100.0,1271800.0,290400.0,365400.0,1485100.0,324500.0,,28829106.0,8.9,8.7,2.1454,,1.5,1.2,7.1,103.9,103.2,0.8,525885.0,75.1,4521.0,619352.446858464
2005-02-01,2005,1,2,,,,,,,,,,,,,,,,8.6,2.1384,,1.7,1.0,9.2,104.4,103.2,0.8,,,4336.0,
2005-03-01,2005,1,3,,,,,,,,,,,,,,,,8.6,2.1372,,1.9,1.2,10.0,104.5,105.8,0.8,,,4702.0,
2005-04-01,2005,2,4,4097400.0,1917300.0,2180100.0,716600.0,2763500.0,617300.0,350300.0,1276600.0,290400.0,366300.0,1486900.0,326900.0,,,,8.7,2.1372,,1.9,1.1,11.1,103.6,103.4,0.9,526974.0,75.4,4103.0,625833.395255491
2005-05-01,2005,2,5,,,,,,,,,,,,,,,,8.8,2.1256,,1.6,1.0,6.6,100.9,103.8,0.8,,,4241.0,
2005-06-01,2005,2,6,,,,,,,,,,,,,,,,8.9,2.111,,1.7,1.0,9.6,102.0,103.0,1.0,,,4611.0,
2005-07-01,2005,3,7,4052600.0,1890600.0,2162000.0,701500.0,2734000.0,617100.0,341400.0,1260400.0,288800.0,360100.0,1473600.0,328300.0,,,,8.9,2.1194,,1.7,0.7,12.5,101.8,103.6,0.9,530976.0,76.2,3574.0,638799.494785533
2005-08-01,2005,3,8,,,,,,,,,,,,,,,,9.0,2.1325,,1.8,0.8,11.6,101.6,104.0,0.9,,,1364.0,
2005-09-01,2005,3,9,,,,,,,,,,,,,,,,9.0,2.1391,,2.1,1.0,15.2,100.8,104.1,1.0,,,5053.0,
2005-10-01,2005,4,10,3973000.0,1845900.0,2127100.0,680700.0,2683300.0,609000.0,329200.0,1233400.0,283300.0,351500.0,1449900.0,325700.0,,,,9.1,2.1966,,1.9,0.9,11.9,103.9,104.1,1.0,534661.0,76.7,4595.0,658395.446720624
2005-11-01,2005,4,11,,,,,,,,,,,,,,,,9.1,2.3609,,1.6,0.9,8.4,103.2,104.1,1.0,,,4512.0,
2005-12-01,2005,4,12,,,,,,,,,,,,,,,,9.1,2.4729,,1.6,0.9,8.2,105.0,103.4,0.9,,,3739.0,
2006-01-01,2006,1,1,3890200.0,1806100.0,2084100.0,662000.0,2628300.0,599900.0,320900.0,1207800.0,277400.0,341100.0,1420500.0,322500.0,,29008602.0,8.9,9.2,2.5117,,2.1,1.2,12.1,106.5,105.0,1.0,539370.0,77.5,4095.0,643285.422708388
2006-02-01,2006,1,2,,,,,,,,,,,,,,,,9.2,2.6004,,1.8,0.9,10.7,104.0,105.1,0.9,,,3808.0,
2006-03-01,2006,1,3,,,,,,,,,,,,,,,,9.1,2.7226,,1.5,1.0,8.5,104.5,105.8,0.9,,,4474.0,
2006-04-01,2006,2,4,3782700.0,1748800.0,2033900.0,635000.0,2558700.0,589000.0,305400.0,1172600.0,270800.0,329600.0,1386100.0,318200.0,,,,9.0,2.7938,,1.7,1.2,9.2,105.1,108.3,1.0,545817.0,78.0,3506.0,675484.897383286
2006-05-01,2006,2,5,,,,,,,,,,,,,,,,8.9,2.889,,2.1,1.1,12.9,106.9,108.9,1.0,,,3891.0,
2006-06-01,2006,2,6,,,,,,,,,,,,,,,,8.9,2.9857,,2.0,1.1,10.1,106.4,111.4,0.8,,,4385.0,
2006-07-01,2006,3,7,3686500.0,1703700.0,1982800.0,619700.0,2490900.0,575900.0,296600.0,1142900.0,264200.0,323100.0,1348000.0,311700.0,,,,9.0,3.1022,,1.9,1.4,8.0,108.5,110.5,1.0,546199.0,78.3,3597.0,673259.338671987
2006-08-01,2006,3,8,,,,,,,,,,,,,,,,9.0,3.2265,,1.9,1.2,7.2,109.1,109.9,1.0,,,1462.0,
2006-09-01,2006,3,9,,,,,,,,,,,,,,,,8.7,3.3354,,1.3,1.0,1.0,109.7,108.7,1.0,,,5018.0,
2006-10-01,2006,4,10,3606800.0,1668600.0,1938200.0,612900.0,2432600.0,561300.0,292700.0,1118300.0,257600.0,320200.0,1314300.0,303700.0,,,,8.5,3.502,,1.1,1.2,-2.1,109.7,109.8,1.0,549201.0,78.5,4819.0,686647.577067802
2006-11-01,2006,4,11,,,,,,,,,,,,,,,,8.3,3.5972,,1.4,1.3,0.2,111.5,111.2,0.9,,,4800.0,
2006-12-01,2006,4,12,,,,,,,,,,,,,,,,8.3,3.6842,,1.5,1.4,1.7,109.9,112.0,0.9,,,4064.0,
2007-01-01,2007,1,1,3509300.0,1623400.0,1885900.0,595900.0,2368600.0,544800.0,282600.0,1090400.0,250400.0,313300.0,1278200.0,294400.0,,29271805.0,8.0,8.5,3.7519,,1.2,1.4,-0.7,109.9,109.8,0.9,554951.0,79.8,4524.0,729574.390389394
2007-02-01,2007,1,2,,,,,,,,,,,,,,,,8.5,3.8182,,1.0,1.4,-0.9,111.7,112.2,1.0,,,4466.0,
2007-03-01,2007,1,3,,,,,,,,,,,,,,,,8.4,3.8909,,1.2,1.3,0.2,112.1,111.5,0.9,,,4884.0,
2007-04-01,2007,2,4,3422900.0,1579900.0,1843000.0,578600.0,2316500.0,527800.0,272700.0,1064800.0,242400.0,305900.0,1251700.0,285400.0,,,,8.2,3.9753,,1.3,1.4,-0.6,112.7,111.9,1.0,558560.0,79.8,3878.0,708715.58434817
2007-05-01,2007,2,5,,,,,,,,,,,,,,,,8.1,4.0714,,1.1,1.5,-1.5,113.0,114.6,1.0,,,4148.0,
2007-06-01,2007,2,6,,,,,,,,,,,,,,,,8.0,4.1478,,1.2,1.5,-0.3,114.0,113.6,1.0,,,4787.0,
2007-07-01,2007,3,7,3368400.0,1555800.0,1812600.0,572900.0,2278300.0,517200.0,270500.0,1048000.0,237300.0,302400.0,1230300.0,279900.0,,,,8.1,4.2162,,1.1,1.4,-0.7,113.2,111.7,1.0,560327.0,80.2,4147.0,695482.408596413
2007-08-01,2007,3,8,,,,,,,,,,,,,,,,8.0,4.5436,,1.2,1.5,-1.8,112.1,113.5,0.9,,,1420.0,
2007-09-01,2007,3,9,,,,,,,,,,,,,,,,7.9,4.7417,,1.5,1.6,1.4,111.4,114.1,0.9,,,5066.0,
2007-10-01,2007,4,10,3304600.0,1524700.0,1779900.0,555800.0,2238600.0,510200.0,261900.0,1029200.0,233600.0,293900.0,1209400.0,276600.0,,,,7.7,4.6874,,2.0,1.6,5.2,110.1,112.4,0.8,560913.0,80.6,5255.0,690128.359601113
2007-11-01,2007,4,11,,,,,,,,,,,,,,,,7.5,4.6385,,2.4,1.7,10.2,110.3,113.8,0.9,,,4710.0,
2007-12-01,2007,4,12,,,,,,,,,,,,,,,,7.3,4.8484,,2.6,1.8,10.6,110.2,114.7,0.8,,,4065.0,
2008-01-01,2008,1,1,3267000.0,1502700.0,1764300.0,550800.0,2210500.0,505700.0,257900.0,1014100.0,230700.0,292900.0,1196400.0,275000.0,,29464970.0,7.4,7.2,4.4815,,2.8,1.8,12.3,109.6,114.6,0.8,565808.0,81.8,4544.0,727081.538493807
2008-02-01,2008,1,2,,,,,,,,,,,,,,,,7.0,4.3621,,2.8,1.9,11.4,108.5,114.4,0.8,,,4716.0,
2008-03-01,2008,1,3,,,,,,,,,,,,,,,,7.1,4.5964,,3.2,2.1,12.7,108.3,112.9,0.8,,,4672.0,
2008-04-01,2008,2,4,3245200.0,1499000.0,1746200.0,552600.0,2186700.0,505900.0,260500.0,1007300.0,231200.0,292100.0,1179400.0,274700.0,,,,7.3,4.7835,,3.0,2.0,12.0,105.9,113.1,0.2,561543.0,81.4,4603.0,672776.995183245
2008-05-01,2008,2,5,,,,,,,,,,,,,,,,7.3,4.8574,,3.3,2.0,15.4,103.3,108.7,-0.05,,,4030.0,
2008-06-01,2008,2,6,,,,,,,,,,,,,,,,7.4,4.9405,,3.6,2.0,18.8,99.8,104.6,-0.6,,,4789.0,
2008-07-01,2008,3,7,3280700.0,1526300.0,1754400.0,565200.0,2205300.0,510200.0,270200.0,1022200.0,233900.0,295000.0,1183100.0,276300.0,,,,7.5,4.961,,3.6,2.0,18.5,96.1,106.7,-1.0,560192.0,82.1,4418.0,636936.631336
2008-08-01,2008,3,8,,,,,,,,,,,,,,,,7.5,4.9652,,3.2,2.0,15.3,94.7,101.3,-0.9,,,1564.0,
2008-09-01,2008,3,9,,,,,,,,,,,,,,,,7.5,5.0192,,3.0,2.1,14.2,92.4,100.2,-1.0,,,5840.0,
2008-10-01,2008,4,10,3397400.0,1612100.0,1785300.0,604300.0,2269900.0,523200.0,297200.0,1072100.0,242800.0,307100.0,1197800.0,280400.0,,,,7.6,5.1131,3.75,2.7,2.1,9.1,82.7,95.7,-1.0,553076.0,82.4,5923.0,548667.317156997
2008-11-01,2008,4,11,,,,,,,,,,,,,,,,7.8,4.2383,3.25,1.6,1.9,-1.0,79.1,88.5,-1.0,,,5347.0,
2008-12-01,2008,4,12,,,,,,,,,,,,,,,,8.0,3.2926,2.5,1.0,1.8,-7.0,76.2,84.0,-1.0,,,5196.0,
2009-01-01,2009,1,1,3592900.0,1744600.0,1848300.0,660000.0,2383200.0,549700.0,334600.0,1150800.0,259200.0,325400.0,1232400.0,290500.0,,29692721.0,9.1,8.3,2.4565,2.0,0.7,1.7,-9.8,74.5,80.9,-1.0,542746.0,82.0,5349.0,477838.210451364
2009-02-01,2009,1,2,,,,,,,,,,,,,,,,8.6,1.9431,,0.9,1.9,-8.8,72.7,79.0,-1.0,,,5519.0,
2009-03-01,2009,1,3,,,,,,,,,,,,,,,,8.9,1.6355,1.5,0.3,1.6,-12.9,69.1,74.5,-0.9,,,6406.0,
2009-04-01,2009,2,4,3803400.0,1877300.0,1926100.0,712400.0,2508800.0,582200.0,368100.0,1231400.0,277800.0,344300.0,1277400.0,304400.0,,,,9.1,1.4223,1.25,0.1,1.6,-13.8,70.8,74.6,-0.8,543686.0,82.6,5385.0,479414.905817944
2009-05-01,2009,2,5,,,,,,,,,,,,,,,,9.2,1.2817,1.0,-0.3,1.6,-17.1,74.0,74.1,-0.3,,,4913.0,
2009-06-01,2009,2,6,,,,,,,,,,,,,,,,9.2,1.2279,,-0.5,1.5,-17.4,77.6,75.1,-0.3,,,5650.0,
2009-07-01,2009,3,7,3935400.0,1953000.0,1982400.0,730400.0,2592800.0,612200.0,378600.0,1280900.0,293500.0,351800.0,1311900.0,318700.0,,,,9.1,0.975,,-0.7,2.2,-18.3,79.7,79.2,-0.1,544560.0,83.2,5110.0,503573.163076576
2009-08-01,2009,3,8,,,,,,,,,,,,,,,,9.2,0.8605,,-0.2,2.3,-14.0,82.9,84.1,0.7,,,2025.0,
2009-09-01,2009,3,9,,,,,,,,,,,,,,,,9.3,0.7721,,-0.4,2.0,-14.3,85.9,82.9,0.9,,,6621.0,
2009-10-01,2009,4,10,4052800.0,2019100.0,2033700.0,744800.0,2668200.0,639800.0,386100.0,1324800.0,308200.0,358700.0,1343400.0,331600.0,,,,9.5,0.7375,,-0.2,1.8,-11.2,88.8,84.4,0.9,548448.0,83.9,5742.0,530033.190426606
2009-11-01,2009,4,11,,,,,,,,,,,,,,,,9.6,0.7162,,0.4,1.7,-4.2,90.6,86.7,0.8,,,5564.0,
2009-12-01,2009,4,12,,,,,,,,,,,,,,,,9.5,0.712,,0.9,1.7,1.1,90.7,88.5,0.8,,,4999.0,
2010-01-01,2010,1,1,4116100.0,2052800.0,2063300.0,741600.0,2708000.0,666500.0,383000.0,1347300.0,322500.0,358600.0,1360700.0,344000.0,,29781056.0,9.3,9.5,0.6798,,1.1,1.6,6.0,92.3,90.0,0.8,550311.0,84.4,5398.0,555834.981812386
2010-02-01,2010,1,2,,,,,,,,,,,,,,,,9.4,0.6617,,1.3,1.8,5.5,92.9,90.6,0.7,,,5478.0,
2010-03-01,2010,1,3,,,,,,,,,,,,,,,,9.3,0.645,,1.6,1.6,9.8,92.1,93.0,0.7,,,6434.0,
2010-04-01,2010,2,4,4175800.0,2081500.0,2094300.0,741000.0,2743400.0,691400.0,380700.0,1365500.0,335300.0,360300.0,1377900.0,356100.0,,,,9.3,0.6447,,1.7,1.5,12.9,96.1,95.1,0.9,552875.0,85.0,4743.0,578431.356101622
2010-05-01,2010,2,5,,,,,,,,,,,,,,,,9.3,0.6865,,1.6,1.3,13.6,97.3,96.5,0.9,,,4863.0,
2010-06-01,2010,2,6,,,,,,,,,,,,,,,,9.2,0.7276,,1.5,1.4,9.4,96.8,97.5,0.8,,,5670.0,
2010-07-01,2010,3,7,4220100.0,2099300.0,2120800.0,734900.0,2768900.0,716300.0,375200.0,1376600.0,347500.0,359700.0,1392300.0,368800.0,,,,9.2,0.8488,,1.7,0.8,10.5,98.6,97.5,0.9,556495.0,85.4,4665.0,602606.574471431
2010-08-01,2010,3,8,,,,,,,,,,,,,,,,9.3,0.8955,,1.4,0.5,8.4,100.8,98.2,1.0,,,2075.0,
2010-09-01,2010,3,9,,,,,,,,,,,,,,,,9.2,0.8805,,1.6,0.8,9.8,102.9,99.7,0.9,,,5994.0,
2010-10-01,2010,4,10,4254100.0,2104000.0,2150100.0,722700.0,2788800.0,742600.0,365300.0,1379100.0,359600.0,357400.0,1409700.0,383000.0,,,,9.2,0.9977,,1.6,0.8,11.1,104.8,102.7,1.0,559828.0,86.0,5303.0,630846.447811083
2010-11-01,2010,4,11,,,,,,,,,,,,,,,,9.2,1.042,,1.6,0.7,10.0,105.6,104.2,1.0,,,5299.0,
2010-12-01,2010,4,12,,,,,,,,,,,,,,,,9.2,1.0217,,1.8,0.7,12.5,107.2,105.5,1.0,,,4471.0,
2011-01-01,2011,1,1,4302000.0,2114000.0,2188000.0,725300.0,2807500.0,769200.0,362900.0,1379900.0,371200.0,362400.0,1427600.0,398000.0,,29815844.0,9.2,9.2,1.0172,,1.7,0.8,13.7,108.1,102.8,1.0,567207.0,87.4,5429.0,637732.413513651
2011-02-01,2011,1,2,,,,,,,,,,,,,,,,9.2,1.0867,,1.7,0.4,15.0,109.3,110.5,1.0,,,5460.0,
2011-03-01,2011,1,3,,,,,,,,,,,,,,,,9.1,1.1755,,2.0,0.7,15.3,109.9,109.0,1.0,,,6040.0,
2011-04-01,2011,2,4,4345600.0,2127900.0,2217700.0,726300.0,2824000.0,795300.0,361400.0,1383500.0,383000.0,364900.0,1440500.0,412300.0,,,,9.1,1.3212,1.25,2.1,1.1,13.7,109.0,109.0,1.0,567289.0,87.7,4508.0,640411.444797324
2011-05-01,2011,2,5,,,,,,,,,,,,,,,,9.1,1.4251,,2.0,1.1,11.3,108.3,111.2,0.6,,,5667.0,
2011-06-01,2011,2,6,,,,,,,,,,,,,,,,9.2,1.4886,,2.1,1.2,11.5,108.0,111.1,0.9,,,5048.0,
2011-07-01,2011,3,7,4407500.0,2151300.0,2256200.0,729100.0,2852700.0,825700.0,362000.0,1392900.0,396400.0,367100.0,1459800.0,429300.0,,,,9.2,1.5976,1.5,1.9,0.9,11.4,106.4,109.7,0.7,569065.0,88.2,4302.0,631568.247832734
2011-08-01,2011,3,8,,,,,,,,,,,,,,,,9.2,1.5521,,2.2,1.1,11.9,101.3,105.2,-0.7,,,2119.0,
2011-09-01,2011,3,9,,,,,,,,,,,,,,,,9.2,1.5365,,2.2,1.1,12.1,98.6,103.6,-0.9,,,5776.0,
2011-10-01,2011,4,10,4480300.0,2182600.0,2297700.0,736700.0,2886500.0,857100.0,365300.0,1406800.0,410500.0,371400.0,1479700.0,446600.0,,,,9.3,1.5759,,2.3,1.3,11.2,97.6,99.6,-1.0,571078.0,89.0,5382.0,626979.993853219
2011-11-01,2011,4,11,,,,,,,,,,,,,,,,9.3,1.4847,1.25,2.5,1.6,11.5,95.4,100.4,-0.9,,,5492.0,
2011-12-01,2011,4,12,,,,,,,,,,,,,,,,9.4,1.4261,1.0,2.5,1.7,9.3,94.3,98.4,-0.9,,,4372.0,
2012-01-01,2012,1,1,4555300.0,2227200.0,2328100.0,748400.0,2920800.0,886100.0,373300.0,1428600.0,425300.0,375100.0,1492200.0,460800.0,,30074280.0,9.8,9.5,1.2222,,2.4,1.5,7.9,92.8,97.6,-0.8,570781.0,89.1,5912.0,599092.442106933
2012-02-01,2012,1,2,,,,,,,,,,,,,,,,9.5,1.0483,,2.3,1.4,7.8,92.7,97.4,-1.0,,,5483.0,
2012-03-01,2012,1,3,,,,,,,,,,,,,,,,9.5,0.8585,,2.3,1.6,6.5,95.4,98.3,-0.6,,,5595.0,
2012-04-01,2012,2,4,4632400.0,2267400.0,2365000.0,758700.0,2958200.0,915500.0,379300.0,1449100.0,439000.0,379400.0,1509100.0,476500.0,,,,9.6,0.7443,,2.1,1.4,5.3,97.2,97.7,-0.9,568576.0,89.8,4666.0,580029.902299997
2012-05-01,2012,2,5,,,,,,,,,,,,,,,,9.7,0.6849,,2.0,1.4,5.0,92.8,94.6,-1.0,,,4839.0,
2012-06-01,2012,2,6,,,,,,,,,,,,,,,,9.7,0.6589,,1.9,1.5,3.3,91.5,93.4,-1.0,,,5098.0,
2012-07-01,2012,3,7,4756400.0,2332900.0,2423500.0,782500.0,3020200.0,953700.0,393900.0,1481600.0,457400.0,388600.0,1538600.0,496300.0,,,,9.7,0.497,0.75,1.9,1.5,3.6,90.7,92.2,-1.0,570293.0,90.3,5123.0,555028.46692375
2012-08-01,2012,3,8,,,,,,,,,,,,,,,,9.7,0.3324,,2.1,1.3,6.9,89.4,93.0,-0.8,,,2016.0,
2012-09-01,2012,3,9,,,,,,,,,,,,,,,,9.8,0.2463,,1.9,1.2,5.8,87.9,91.3,-0.8,,,5495.0,
2012-10-01,2012,4,10,4882500.0,2400400.0,2482100.0,805700.0,3085600.0,991200.0,408100.0,1517100.0,475200.0,397600.0,1568500.0,516000.0,,,,10.0,0.2079,,1.9,1.0,5.1,85.9,91.3,-1.0,570171.0,91.0,6362.0,538467.935559604
2012-11-01,2012,4,11,,,,,,,,,,,,,,,,10.2,0.192,,1.4,0.7,2.7,87.4,89.6,-0.8,,,5569.0,
2012-12-01,2012,4,12,,,,,,,,,,,,,,,,10.3,0.1855,,1.3,0.7,2.6,88.3,89.3,-0.7,,,5053.0,
2013-01-01,2013,1,1,5000000.0,2465000.0,2535000.0,823000.0,3154500.0,1022500.0,418000.0,1556600.0,490400.0,405000.0,1597900.0,532100.0,,30287405.0,10.3,10.4,0.2049,,1.2,0.8,2.0,87.7,91.8,-0.9,571272.0,89.3,5769.0,556816.091809299
2013-02-01,2013,1,2,,,,,,,,,,,,,,,,10.4,0.2234,,1.0,0.6,2.4,87.8,88.9,-1.0,,,5368.0,
2013-03-01,2013,1,3,,,,,,,,,,,,,,,,10.4,0.2061,,1.0,0.6,1.1,85.7,88.2,-1.0,,,5478.0,
2013-04-01,2013,2,4,5086300.0,2513800.0,2572500.0,830300.0,3203500.0,1052500.0,422800.0,1585600.0,505400.0,407500.0,1617900.0,547100.0,,,,10.5,0.2089,,0.7,0.4,-0.2,84.2,86.4,-1.0,576318.0,90.1,5343.0,550118.048701465
2013-05-01,2013,2,5,,,,,,,,,,,,,,,,10.4,0.2012,0.5,0.8,0.5,-0.4,85.3,85.1,-0.5,,,4994.0,
2013-06-01,2013,2,6,,,,,,,,,,,,,,,,10.4,0.2103,,0.9,0.4,1.7,86.7,88.5,-0.8,,,5313.0,
2013-07-01,2013,3,7,5114000.0,2531600.0,2582400.0,818100.0,3221400.0,1074500.0,417500.0,1597500.0,516600.0,400600.0,1623900.0,557900.0,,,,10.3,0.2214,,1.1,0.6,1.8,88.5,89.5,-0.2,574955.0,90.7,5574.0,566117.497656758
2013-08-01,2013,3,8,,,,,,,,,,,,,,,,10.1,0.2259,,0.9,0.5,-0.3,91.8,90.4,0.8,,,1955.0,
2013-09-01,2013,3,9,,,,,,,,,,,,,,,,10.3,0.2232,,0.9,0.6,0.7,95.7,91.1,1.0,,,5987.0,
2013-10-01,2013,4,10,5179900.0,2567900.0,2612000.0,818500.0,3257100.0,1104300.0,419400.0,1616900.0,531600.0,399100.0,1640200.0,572700.0,,,,10.1,0.2258,,0.6,0.6,-0.4,95.4,93.6,0.9,578421.0,91.3,6322.0,569088.400366406
2013-11-01,2013,4,11,,,,,,,,,,,,,,,,10.2,0.2234,0.25,0.7,0.7,0.1,94.9,92.8,0.8,,,5472.0,
2013-12-01,2013,4,12,,,,,,,,,,,,,,,,10.2,0.2735,,0.7,0.5,1.1,94.2,93.7,0.7,,,5090.0,
2014-01-01,2014,1,1,5240600.0,2603600.0,2637000.0,816200.0,3286000.0,1138400.0,419600.0,1635200.0,548800.0,396600.0,1650800.0,589600.0,,30194204.0,10.3,10.2,0.292,,0.6,0.2,0.1,95.6,94.1,1.0,578451.0,90.6,5868.0,564160.431772146
2014-02-01,2014,1,2,,,,,,,,,,,,,,,,10.2,0.2881,,0.9,0.8,-1.2,95.3,93.6,0.4,,,5956.0,
2014-03-01,2014,1,3,,,,,,,,,,,,,,,,10.2,0.3053,,0.6,0.4,-1.6,96.4,95.0,0.8,,,5473.0,
2014-04-01,2014,2,4,5315800.0,2648000.0,2667800.0,815000.0,3329000.0,1171800.0,420300.0,1661600.0,566100.0,394700.0,1667400.0,605700.0,,,,10.1,0.3297,,0.7,0.5,-0.7,96.3,96.9,-0.5,579926.0,90.9,5460.0,575065.178496501
2014-05-01,2014,2,5,,,,,,,,,,,,,,,,10.1,0.3246,,0.7,0.3,1.1,95.8,96.2,-0.9,,,4746.0,
2014-06-01,2014,2,6,,,,,,,,,,,,,,,,10.2,0.2414,0.15,0.5,0.1,1.0,95.1,94.6,-0.8,,,5418.0,
2014-07-01,2014,3,7,5381200.0,2684100.0,2697100.0,815400.0,3368600.0,1197200.0,420600.0,1684100.0,579400.0,394800.0,1684500.0,617800.0,,,,10.2,0.205,,0.5,0.1,0.7,94.5,94.6,-1.0,583622.0,91.3,5579.0,559834.886285056
2014-08-01,2014,3,8,,,,,,,,,,,,,,,,10.2,0.1916,,0.4,0.3,-1.5,93.0,93.5,-0.9,,,1962.0,
2014-09-01,2014,3,9,,,,,,,,,,,,,,,,10.4,0.0971,0.05,0.3,0.0,-2.5,92.0,93.7,-0.9,,,6163.0,
2014-10-01,2014,4,10,5479700.0,2734200.0,2745500.0,833200.0,3422400.0,1224100.0,430100.0,1711600.0,592500.0,403100.0,1710800.0,631600.0,,,,10.4,0.0826,,0.5,0.0,-1.2,91.9,93.6,-1.0,581960.0,91.5,6203.0,566462.084160225
2014-11-01,2014,4,11,,,,,,,,,,,,,,,,10.5,0.0809,,0.3,-0.1,-1.1,93.8,93.6,-0.7,,,5512.0,
2014-12-01,2014,4,12,,,,,,,,,,,,,,,,10.5,0.0809,,0.1,-0.1,-4.4,94.0,94.1,-1.0,,,4224.0,
2015-01-01,2015,1,1,5571600.0,2777600.0,2794000.0,841300.0,3478800.0,1251500.0,433700.0,1738500.0,605400.0,407600.0,1740300.0,646100.0,350700.0,30261476.0,10.4,10.4,0.0627,,-0.4,0.1,-7.1,94.9,93.1,-1.0,585358.0,91.3,6169.0,565293.829352
2015-02-01,2015,1,2,,,,,,,,,,,,,368200.0,,,10.3,0.0482,,-0.3,0.2,-5.3,95.8,95.1,-0.9,,,5847.0,
2015-03-01,2015,1,3,,,,,,,,,,,,,435700.0,,,10.4,0.0272,,-0.1,0.2,-3.7,97.0,94.6,-0.4,,,6596.0,
2015-04-01,2015,2,4,5692500.0,2838700.0,2853800.0,852200.0,3550300.0,1290000.0,439700.0,1774900.0,624100.0,412500.0,1775400.0,665900.0,404500.0,,,10.4,0.0047,,0.1,0.4,-3.4,98.6,96.6,0.04,585816.0,91.7,5504.0,588058.491342
2015-05-01,2015,2,5,,,,,,,,,,,,,363400.0,,,10.5,-0.0104,,0.3,0.5,-2.4,99.7,96.7,0.2,,,3407.0,
2015-06-01,2015,2,6,,,,,,,,,,,,,432100.0,,,10.4,-0.0139,,0.3,0.5,-2.8,100.8,98.7,0.7,,,6296.0,
2015-07-01,2015,3,7,5706700.0,2839200.0,2867500.0,832400.0,3555400.0,1318900.0,428800.0,1774000.0,636400.0,403600.0,1781400.0,682500.0,631700.0,,,10.3,-0.0187,,0.2,0.6,-4.1,101.3,99.1,0.9,587305.0,92.0,5303.0,609687.798168
2015-08-01,2015,3,8,,,,,,,,,,,,,527600.0,,,10.3,-0.0277,,0.0,0.5,-5.1,103.0,100.1,1.0,,,1710.0,
2015-09-01,2015,3,9,,,,,,,,,,,,,572900.0,,,10.3,-0.037,,0.0,0.6,-5.9,102.2,99.6,0.7,,,6257.0,
2015-10-01,2015,4,10,5753600.0,2855300.0,2898300.0,829300.0,3582200.0,1342100.0,426700.0,1781600.0,647000.0,402600.0,1800600.0,695100.0,525200.0,,,10.3,-0.0536,,0.1,0.8,-6.1,103.1,99.5,0.7,588710.0,92.4,5348.0,622667.637108
2015-11-01,2015,4,11,,,,,,,,,,,,,544000.0,,,10.3,-0.0876,,0.0,0.9,-6.0,103.1,101.3,0.3,,,5673.0,
2015-12-01,2015,4,12,,,,,,,,,,,,,544300.0,,,10.2,-0.1263,0.05,0.2,1.0,-4.7,101.7,100.5,0.4,,,5001.0,
2016-01-01,2016,1,1,5768400.0,2856100.0,2912300.0,821800.0,3590200.0,1356400.0,422000.0,1780300.0,653800.0,399800.0,1809900.0,702600.0,612900.0,30280138.0,10.1,10.3,-0.1461,,0.2,0.9,-3.8,104.2,101.3,0.8,590524.0,93.3,5413.0,623154.914605
2016-02-01,2016,1,2,,,,,,,,,,,,,529900.0,,,10.4,-0.1836,,-0.2,0.7,-6.8,103.2,100.4,0.3,,,5465.0,
2016-03-01,2016,1,3,,,,,,,,,,,,,618600.0,,,10.2,-0.2285,0.0,-0.1,0.7,-6.9,103.1,99.2,0.4,,,5796.0,
2016-04-01,2016,2,4,5732100.0,2837800.0,2894300.0,806500.0,3559700.0,1365900.0,413600.0,1765600.0,658600.0,392900.0,1794100.0,707300.0,586000.0,,,10.1,-0.2492,,-0.2,0.6,-6.8,102.4,99.6,0.4,589521.0,92.8,4870.0,638873.334067
2016-05-01,2016,2,5,,,,,,,,,,,,,616000.0,,,10.0,-0.2572,,0.0,0.6,-5.7,104.5,101.6,0.7,,,4891.0,
2016-06-01,2016,2,6,,,,,,,,,,,,,744700.0,,,9.9,-0.2679,,0.2,0.7,-3.1,103.1,101.0,0.4,,,5442.0,
2016-07-01,2016,3,7,5759400.0,2844400.0,2915000.0,801700.0,3574000.0,1383700.0,410000.0,1767900.0,666500.0,391700.0,1806100.0,717200.0,743400.0,,,9.8,-0.2945,,0.2,0.5,-3.3,103.9,104.7,0.8,590306.0,93.0,4424.0,662424.279535
2016-08-01,2016,3,8,,,,,,,,,,,,,516000.0,,,9.9,-0.2982,,0.2,0.4,-3.0,103.5,102.4,0.6,,,1624.0,
2016-09-01,2016,3,9,,,,,,,,,,,,,748900.0,,,9.9,-0.3016,,0.4,0.7,-1.1,103.6,105.1,0.8,,,5623.0,
2016-10-01,2016,4,10,5772600.0,2843800.0,2928800.0,787100.0,3578500.0,1407000.0,401900.0,1765800.0,676100.0,385200.0,1812700.0,730900.0,702600.0,,,10.1,-0.309,,0.4,0.5,0.7,103.7,104.8,0.9,594024.0,93.1,5167.0,689291.808533
2016-11-01,2016,4,11,,,,,,,,,,,,,577200.0,,,10.1,-0.3127,,0.5,0.6,2.1,103.7,105.4,0.9,,,5403.0,
2016-12-01,2016,4,12,,,,,,,,,,,,,545600.0,,,10.0,-0.3158,,0.6,0.4,4.3,106.1,106.4,0.9,,,4037.0,
2017-01-01,2017,1,1,5816900.0,2854200.0,2962700.0,783000.0,3600800.0,1433100.0,398400.0,1769000.0,686800.0,384600.0,1831800.0,746300.0,606800.0,30347085.0,9.4,9.7,-0.3255,,1.3,0.6,10.3,106.5,105.7,0.7,598021.0,93.4,5257.0,717725.176461
2017-02-01,2017,1,2,,,,,,,,,,,,,600200.0,,,9.6,-0.3286,,1.2,0.2,11.4,107.4,104.4,1.0,,,4909.0,
2017-03-01,2017,1,3,,,,,,,,,,,,,851200.0,,,9.6,-0.3293,,1.1,0.4,9.9,106.7,107.6,0.8,,,5673.0,
2017-04-01,2017,2,4,5857700.0,2860900.0,2996800.0,780800.0,3626400.0,1450500.0,394800.0,1772800.0,693300.0,386000.0,1853600.0,757200.0,679500.0,,,9.5,-0.3304,,1.2,0.5,9.3,107.5,107.2,0.8,602617.0,93.6,4106.0,753640.632325
2017-05-01,2017,2,5,,,,,,,,,,,,,660800.0,,,9.5,-0.3295,,0.8,0.3,5.3,107.9,107.7,0.8,,,4873.0,
2017-06-01,2017,2,6,,,,,,,,,,,,,633500.0,,,9.5,-0.33,,0.7,0.4,1.9,108.9,107.4,0.9,,,4771.0,
2017-07-01,2017,3,7,5903200.0,2871200.0,3032000.0,782800.0,3652800.0,1467600.0,393800.0,1777600.0,699800.0,389000.0,1875200.0,767800.0,519200.0,,,9.6,-0.3304,,0.7,0.5,1.9,109.8,106.6,1.0,606902.0,93.8,4192.0,779359.822968
2017-08-01,2017,3,8,,,,,,,,,,,,,446100.0,,,9.5,-0.3291,,0.9,0.5,4.8,110.8,106.0,1.0,,,1663.0,
2017-09-01,2017,3,9,,,,,,,,,,,,,543400.0,,,9.3,-0.3294,,1.0,0.5,5.1,111.2,106.5,1.0,,,4968.0,
2017-10-01,2017,4,10,5933900.0,2870300.0,3063600.0,781800.0,3667000.0,1485100.0,391300.0,1773400.0,705600.0,390500.0,1893600.0,779500.0,535800.0,,,9.1,-0.3295,,1.1,0.5,4.8,111.1,108.1,1.0,610537.0,94.6,4969.0,803650.364974
2017-11-01,2017,4,11,,,,,,,,,,,,,590900.0,,,9.0,-0.329,,1.2,0.5,5.4,112.4,107.2,1.0,,,5028.0,
2017-12-01,2017,4,12,,,,,,,,,,,,,472800.0,,,9.0,-0.3279,,1.2,0.6,5.0,113.5,108.6,1.0,,,4162.0,
2018-01-01,2018,1,1,5942900.0,2863500.0,3079400.0,778900.0,3668400.0,1495600.0,388100.0,1766500.0,708900.0,390800.0,1901900.0,786700.0,535800.0,30534890.0,9.1,9.2,-0.3285,,1.3,0.8,5.2,112.9,109.5,1.0,610309.0,95.4,4778.0,811095.265474
2018-02-01,2018,1,2,,,,,,,,,,,,,568000.0,,,9.3,-0.3285,,1.2,0.7,5.2,111.8,109.5,0.8,,,4602.0,
2018-03-01,2018,1,3,,,,,,,,,,,,,772500.0,,,9.3,-0.3279,,1.6,0.9,5.0,111.8,110.8,0.9,,,5033.0,
2018-04-01,2018,2,4,5942500.0,2855900.0,3086600.0,778600.0,3656500.0,1507400.0,387500.0,1755900.0,712500.0,391100.0,1900600.0,794900.0,604800.0,,,9.2,-0.3285,,1.6,0.8,6.3,111.3,110.2,1.0,611896.0,96.1,4237.0,801515.393167
2018-05-01,2018,2,5,,,,,,,,,,,,,602700.0,,,9.1,-0.3252,,2.0,1.0,10.0,109.6,110.8,0.9,,,4346.0,
2018-06-01,2018,2,6,,,,,,,,,,,,,490400.0,,,9.0,-0.322,,2.0,0.8,12.3,109.2,109.8,1.0,,,4811.0,
2018-07-01,2018,3,7,5935900.0,2849700.0,3086200.0,775600.0,3644200.0,1516100.0,386100.0,1748600.0,715000.0,389500.0,1895600.0,801100.0,793300.0,,,9.0,-0.3207,,2.3,0.8,14.3,108.2,108.5,0.9,614844.0,96.4,4429.0,800880.551377
2018-08-01,2018,3,8,,,,,,,,,,,,,602100.0,,,8.9,-0.319,,2.3,0.9,13.0,107.9,108.4,0.8,,,1946.0,
2018-09-01,2018,3,9,,,,,,,,,,,,,660100.0,,,8.9,-0.3188,,2.2,0.7,12.8,107.5,107.1,0.8,,,5145.0,
2018-10-01,2018,4,10,5930000.0,2840700.0,3089300.0,770100.0,3635700.0,1524200.0,383700.0,1740400.0,716600.0,386400.0,1895300.0,807600.0,659900.0,,,8.8,-0.3177,,2.2,0.8,13.8,106.7,107.5,0.8,619460.0,97.5,5496.0,775023.76874
2018-11-01,2018,4,11,,,,,,,,,,,,,587300.0,,,8.8,-0.3164,,1.9,0.7,11.2,107.0,104.9,1.0,,,4978.0,
2018-12-01,2018,4,12,,,,,,,,,,,,,524600.0,,,8.8,-0.3119,,1.6,0.7,8.0,104.1,105.3,0.9,,,4240.0,
2019-01-01,2019,1,1,5924500.0,2833500.0,3091000.0,768300.0,3624800.0,1531400.0,382500.0,1731800.0,719200.0,385800.0,1893000.0,812200.0,564200.0,30500444.0,8.5,8.8,-0.308,,1.2,0.6,1.9,104.6,106.5,1.0,625191.0,97.5,5186.0,804438.883945
2019-02-01,2019,1,2,,,,,,,,,,,,,514900.0,,,8.7,-0.3084,,1.3,0.7,3.2,104.9,108.2,1.0,,,4559.0,
2019-03-01,2019,1,3,,,,,,,,,,,,,554600.0,,,8.7,-0.3092,,1.1,0.5,5.1,106.2,108.5,1.0,,,4820.0,
2019-04-01,2019,2,4,5879500.0,2812400.0,3067100.0,761500.0,3588900.0,1529100.0,379800.0,1714600.0,718000.0,381700.0,1874300.0,811100.0,622600.0,,,8.5,-0.3105,,1.3,0.7,4.8,107.6,108.8,0.9,628634.0,97.4,4360.0,801511.644597
2019-05-01,2019,2,5,,,,,,,,,,,,,598000.0,,,8.5,-0.3119,,0.9,0.5,3.4,107.3,106.3,1.0,,,4197.0,
2019-06-01,2019,2,6,,,,,,,,,,,,,722000.0,,,8.5,-0.3289,,1.2,0.9,2.4,107.2,108.2,0.9,,,4303.0,
2019-07-01,2019,3,7,5814200.0,2781600.0,3032600.0,751300.0,3539200.0,1523700.0,375300.0,1691300.0,715000.0,376000.0,1847900.0,808700.0,791500.0,,,8.4,-0.3649,,1.1,0.9,0.8,106.4,107.3,0.8,628575.0,98.0,4404.0,797029.664145
2019-08-01,2019,3,8,,,,,,,,,,,,,612000.0,,,8.3,-0.4077,,1.0,0.7,0.8,106.3,108.0,1.0,,,1288.0,
2019-09-01,2019,3,9,,,,,,,,,,,,,777100.0,,,8.2,-0.4176,0.0,0.9,0.9,0.2,107.1,107.1,1.0,,,4738.0,
2019-10-01,2019,4,10,5760100.0,2751900.0,3008200.0,736800.0,3502500.0,1520800.0,367800.0,1671900.0,712200.0,369000.0,1830600.0,808600.0,778500.0,,,8.2,-0.4129,,0.8,1.0,-1.6,107.0,107.2,0.9,625561.0,98.1,4859.0,775908.889069
2019-11-01,2019,4,11,,,,,,,,,,,,,720200.0,,,8.2,-0.4013,,1.0,0.9,-0.6,107.0,107.5,0.9,,,4508.0,
2019-12-01,2019,4,12,,,,,,,,,,,,,641600.0,,,8.2,-0.3947,,1.5,1.1,2.6,106.7,107.5,0.9,,,3923.0,
2020-01-01,2020,1,1,5755600.0,2757100.0,2998500.0,733000.0,3500500.0,1522100.0,367300.0,1676100.0,713700.0,365700.0,1824400.0,808400.0,788200.0,30289755.0,8.1,8.2,-0.3911,,1.5,1.0,4.5,106.8,106.0,0.9,593861.0,98.8,3966.0,478750.465813
2020-02-01,2020,1,2,,,,,,,,,,,,,758900.0,,,7.8,-0.4089,,1.4,1.4,1.1,106.1,105.8,0.9,,,3805.0,
2020-03-01,2020,1,3,,,,,,,,,,,,,529600.0,,,7.6,-0.4166,,0.7,0.7,-4.0,93.8,97.6,-0.2,,,2825.0,
2020-04-01,2020,2,4,6107200.0,2968900.0,3138300.0,825500.0,3710700.0,1571000.0,422700.0,1805600.0,740600.0,402800.0,1905100.0,830400.0,328300.0,,,7.6,-0.2541,,0.3,0.2,-8.6,45.7,42.0,-1.0,521293.0,103.2,1267.0,586055.920558
2020-05-01,2020,2,5,,,,,,,,,,,,,468100.0,,,6.9,-0.272,,0.4,0.5,-11.0,58.7,50.7,-0.8,,,1595.0,
2020-06-01,2020,2,6,,,,,,,,,,,,,648800.0,,,7.3,-0.376,,0.2,0.3,-9.3,84.5,68.4,-0.2,,,2957.0,
2020-07-01,2020,3,7,6065900.0,2939500.0,3126400.0,808100.0,3679300.0,1578500.0,414100.0,1782000.0,743400.0,394000.0,1897300.0,835100.0,689100.0,,,8.6,-0.4441,,0.8,1.3,-7.4,90.9,79.0,0.9,601294.0,98.5,2791.0,712567.770446
2020-08-01,2020,3,8,,,,,,,,,,,,,560800.0,,,9.0,-0.4797,,0.2,0.4,-7.1,94.5,88.8,1.0,,,793.0,
2020-09-01,2020,3,9,,,,,,,,,,,,,720800.0,,,9.0,-0.4914,,0.0,0.5,-8.0,93.8,91.6,0.9,,,3246.0,
2020-10-01,2020,4,10,6025100.0,2919500.0,3105600.0,788700.0,3652400.0,1584000.0,403900.0,1769100.0,746500.0,384800.0,1883300.0,837500.0,695100.0,,,8.3,-0.5091,,0.0,0.3,-7.8,90.5,89.4,0.6,600809.0,100.1,2846.0,732140.693695
2020-11-01,2020,4,11,,,,,,,,,,,,,544800.0,,,8.1,-0.5209,,0.2,0.4,-7.8,78.0,81.4,0.05,,,2883.0,
2020-12-01,2020,4,12,,,,,,,,,,,,,616900.0,,,7.9,-0.5381,,0.0,0.2,-7.0,93.3,83.7,0.5,,,2243.0,
2021-01-01,2021,1,1,6026800.0,2918200.0,3108600.0,784200.0,3649400.0,1593200.0,400700.0,1766200.0,751300.0,383500.0,1883200.0,841900.0,676200.0,31188658.0,7.9,8.1,-0.5472,,0.6,1.1,-5.8,94.3,87.1,0.6,603178.0,99.7,2594.0,753381.036595
2021-02-01,2021,1,2,,,,,,,,,,,,,672300.0,,,8.2,-0.5411,,0.6,0.6,-1.6,91.1,83.9,0.6,,,2128.0,
2021-03-01,2021,1,3,,,,,,,,,,,,,793100.0,,,8.2,-0.5391,,1.1,1.0,4.7,98.3,90.8,1.0,,,2691.0,
2021-04-01,2021,2,4,5975700.0,2889800.0,3085900.0,767900.0,3610100.0,1597700.0,391500.0,1744500.0,753800.0,376400.0,1865600.0,843900.0,792500.0,,,8.2,-0.5382,,1.2,1.0,8.8,97.3,92.0,0.9,610464.0,99.6,1973.0,780045.718554
2021-05-01,2021,2,5,,,,,,,,,,,,,809400.0,,,8.0,-0.5401,,1.4,0.9,11.7,111.0,101.2,1.0,,,2188.0,
2021-06-01,2021,2,6,,,,,,,,,,,,,990300.0,,,7.9,-0.5429,,1.5,1.0,10.9,115.3,106.6,1.0,,,2501.0,
2021-07-01,2021,3,7,5845800.0,2823700.0,3022100.0,733000.0,3527200.0,1585600.0,375000.0,1700600.0,748100.0,358000.0,1826600.0,837500.0,976100.0,,,7.9,-0.5448,,1.2,0.0,12.3,113.5,108.2,1.0,628747.0,98.9,2003.0,787085.652458
2021-08-01,2021,3,8,,,,,,,,,,,,,493200.0,,,7.8,-0.5476,,1.9,1.0,12.7,111.1,108.2,0.9,,,703.0,
2021-09-01,2021,3,9,,,,,,,,,,,,,1133600.0,,,7.7,-0.545,,2.2,1.4,14.9,112.1,106.5,0.9,,,2728.0,
2021-10-01,2021,4,10,5678000.0,2734900.0,2943100.0,694600.0,3420100.0,1563300.0,354800.0,1643400.0,736700.0,339800.0,1776700.0,826600.0,1108500.0,,,7.5,-0.5498,,2.6,1.5,20.2,114.4,112.6,0.9,632279.0,100.0,2587.0,821378.102512
2021-11-01,2021,4,11,,,,,,,,,,,,,971400.0,,,7.5,-0.5674,,2.8,1.8,21.6,114.9,113.2,1.0,,,2918.0,
2021-12-01,2021,4,12,,,,,,,,,,,,,907500.0,,,7.4,-0.582,,2.8,2.0,18.5,110.8,110.4,0.9,,,2568.0,
2022-01-01,2022,1,1,5533100.0,2655900.0,2877200.0,670000.0,3327400.0,1535700.0,341400.0,1591700.0,722800.0,328600.0,1735700.0,812900.0,976400.0,31586796.0,7.3,7.3,-0.5601,,2.9,1.6,19.9,109.2,110.8,0.8,631683.0,101.5,3103.0,810892.001248
2022-02-01,2022,1,2,,,,,,,,,,,,,963400.0,,,7.3,-0.5315,,3.6,2.3,21.1,114.1,114.4,1.0,,,3092.0,
2022-03-01,2022,1,3,,,,,,,,,,,,,1181600.0,,,7.4,-0.4954,,4.5,2.6,29.2,107.3,113.7,-0.8,,,3852.0,
2022-04-01,2022,2,4,5450300.0,2614900.0,2835400.0,660300.0,3269100.0,1520900.0,336800.0,1562400.0,715700.0,323500.0,1706700.0,805200.0,969600.0,,,7.5,-0.4479,,4.8,3.1,26.5,107.1,112.5,-0.4,634404.0,101.3,3117.0,797159.730233
2022-05-01,2022,2,5,,,,,,,,,,,,,1039900.0,,,7.5,-0.3857,,5.2,3.6,27.8,106.4,111.1,-0.3,,,3203.0,
2022-06-01,2022,2,6,,,,,,,,,,,,,1009700.0,,,7.4,-0.2392,,5.8,3.7,33.1,104.9,109.2,-0.2,,,3657.0,
2022-07-01,2022,3,7,5432600.0,2608600.0,2824000.0,664500.0,3256300.0,1511800.0,339900.0,1556900.0,711800.0,324600.0,1699400.0,800000.0,904700.0,,,7.3,0.0366,0.5,6.1,4.3,28.5,103.7,111.2,-0.6,637684.0,102.5,3414.0,808130.934151
2022-08-01,2022,3,8,,,,,,,,,,,,,780000.0,,,7.2,0.3947,,5.9,4.7,22.7,104.2,109.4,-0.2,,,1362.0,
2022-09-01,2022,3,9,,,,,,,,,,,,,1003500.0,,,7.1,1.0109,1.25,5.6,4.6,17.9,102.2,108.4,-0.2,,,4463.0,
2022-10-01,2022,4,10,5382600.0,2588100.0,2794500.0,661900.0,3225500.0,1495200.0,338600.0,1545100.0,704400.0,323300.0,1680400.0,790800.0,1053400.0,,,7.2,1.4277,,6.2,5.0,19.1,103.0,109.5,0.8,640155.0,104.5,4037.0,811932.776137
2022-11-01,2022,4,11,,,,,,,,,,,,,945300.0,,,7.2,1.8252,2.0,6.2,5.3,18.4,102.9,108.9,-0.4,,,4380.0,
2022-12-01,2022,4,12,,,,,,,,,,,,,1126800.0,,,7.2,2.0635,2.5,5.9,5.4,15.1,103.4,110.1,-0.05,,,3561.0,
2023-01-01,2023,1,1,5363400.0,2582700.0,2780700.0,662100.0,3213100.0,1488200.0,339500.0,1541100.0,702100.0,322600.0,1672000.0,786100.0,1057400.0,31826568.0,7.4,7.1,2.3449,,6.0,5.5,16.3,102.8,111.4,0.1,640657.0,104.9,4824.0,792290.899137
2023-02-01,2023,1,2,,,,,,,,,,,,,1052000.0,,,7.1,2.6403,3.0,6.3,5.8,14.1,103.6,110.2,0.1,,,4323.0,
2023-03-01,2023,1,3,,,,,,,,,,,,,1167000.0,,,7.1,2.9106,3.5,5.7,6.0,4.9,103.0,109.7,0.07,,,5450.0,
2023-04-01,2023,2,4,5348000.0,2580200.0,2767800.0,667100.0,3201900.0,1479000.0,342500.0,1539100.0,698600.0,324600.0,1662800.0,780400.0,967000.0,,,7.3,3.167,,5.9,6.1,6.8,103.5,110.4,0.1,646306.0,105.7,4130.0,785333.957405
2023-05-01,2023,2,5,,,,,,,,,,,,,1030800.0,,,7.3,3.3664,3.75,5.1,5.7,2.0,100.6,107.0,-0.5,,,4550.0,
2023-06-01,2023,2,6,,,,,,,,,,,,,1047400.0,,,7.3,3.5359,4.0,4.5,5.7,-3.0,100.8,106.6,-0.01,,,4864.0,
2023-07-01,2023,3,7,5364800.0,2592700.0,2772100.0,678000.0,3212100.0,1474700.0,348300.0,1546600.0,697800.0,329700.0,1665500.0,776900.0,957200.0,,,7.4,3.6718,,4.3,5.4,-3.7,100.6,106.4,-0.1,647666.0,106.5,4416.0,766213.583688
2023-08-01,2023,3,8,,,,,,,,,,,,,801600.0,,,7.4,3.7803,4.25,4.9,5.0,6.8,100.2,102.2,0.04,,,1783.0,
2023-09-01,2023,3,9,,,,,,,,,,,,,1009000.0,,,7.4,3.88,4.5,4.9,4.6,11.9,99.9,104.1,-0.6,,,5409.0,
2023-10-01,2023,4,10,5395100.0,2616000.0,2779100.0,690200.0,3224000.0,1480900.0,355900.0,1557500.0,702600.0,334300.0,1666500.0,778300.0,1058000.0,,,7.5,3.9676,,4.0,4.2,5.2,98.8,103.0,-0.9,650556.0,108.1,5694.0,759033.8559
2023-11-01,2023,4,11,,,,,,,,,,,,,998700.0,,,7.6,3.9716,,3.5,3.5,3.1,98.1,99.9,-0.8,,,5906.0,
2023-12-01,2023,4,12,,,,,,,,,,,,,887600.0,,,7.6,3.9331,,3.7,3.4,5.7,98.9,101.0,-0.7,,,4925.0,
2024-01-01,2024,1,1,5392100.0,2619700.0,2772400.0,689100.0,3223900.0,1479100.0,356000.0,1560300.0,703400.0,333100.0,1663600.0,775700.0,952600.0,31859898.0,7.4,7.6,3.9253,,3.1,3.0,1.9,99.5,99.6,-0.3,651384.0,108.9,5894.0,754344.981406
2024-02-01,2024,1,2,,,,,,,,,,,,,936200.0,,,7.4,3.9232,,3.0,2.6,4.3,99.0,103.0,-0.5,,,5733.0,
2024-03-01,2024,1,3,,,,,,,,,,,,,1099200.0,,,7.4,3.9224,,2.3,2.2,3.4,100.4,100.9,-0.08,,,6057.0,
2024-04-01,2024,2,4,5389800.0,2623000.0,2766800.0,688700.0,3221100.0,1480000.0,356600.0,1561400.0,705000.0,332100.0,1659700.0,775000.0,995500.0,,,7.3,3.8864,,2.2,1.9,3.8,99.8,102.2,-0.8,652635.0,109.7,5293.0,734538.191115
2024-05-01,2024,2,5,,,,,,,,,,,,,882100.0,,,7.4,3.8137,,2.3,1.7,5.7,99.9,101.7,0.4,,,5433.0,
2024-06-01,2024,2,6,,,,,,,,,,,,,923400.0,,,7.4,3.7245,4.25,2.2,1.8,4.8,99.6,100.1,-0.03,,,5708.0,
2024-07-01,2024,3,7,5412400.0,2637700.0,2774700.0,692700.0,3232500.0,1487200.0,359600.0,1568500.0,709600.0,333100.0,1664000.0,777600.0,1050800.0,,,7.4,3.6848,,2.3,1.5,8.5,94.4,97.2,-1.0,655027.0,110.1,5843.0,726325.294868
2024-08-01,2024,3,8,,,,,,,,,,,,,760200.0,,,7.4,3.5476,,1.8,1.7,0.4,96.6,98.4,0.7,,,1599.0,
2024-09-01,2024,3,9,,,,,,,,,,,,,876100.0,,,7.4,3.4337,3.65,1.1,1.4,-3.3,97.4,98.6,-0.8,,,6314.0,
2024-10-01,2024,4,10,5491700.0,2678900.0,2812800.0,716800.0,3279000.0,1495900.0,371700.0,1591600.0,715600.0,345100.0,1687400.0,780300.0,1023400.0,,,7.3,3.1666,3.4,1.2,1.4,-2.0,97.0,97.4,-0.9,654734.0,111.3,6554.0,713974.330136
2024-11-01,2024,4,11,,,,,,,,,,,,,863400.0,,,7.3,3.0068,,1.3,1.5,-0.7,96.1,98.4,-0.7,,,6099.0,
2024-12-01,2024,4,12,,,,,,,,,,,,,860800.0,,,7.3,2.8161,3.15,1.3,1.3,1.2,95.0,96.5,-0.9,,,5752.0,
2025-01-01,2025,1,1,5738000.0,2811000.0,2927000.0,866800.0,3357600.0,1513600.0,453800.0,1631700.0,725500.0,413000.0,1725900.0,788100.0,836700.0,,,7.3,2.7031,,1.7,1.4,2.7,95.4,97.0,-0.7,655389.0,112.3,5948.0,710419.927973
2025-02-01,2025,1,2,,,,,,,,,,,,,772600.0,,,7.5,2.525,2.9,0.8,1.3,-5.8,95.9,93.5,-0.6,,,5826.0,
2025-03-01,2025,1,3,,,,,,,,,,,,,873400.0,,,7.6,2.4424,2.65,0.8,1.3,-6.6,96.6,96.4,-0.6,,,6382.0,
2025-04-01,2025,2,4,5612100.0,2749800.0,2862300.0,792800.0,3318200.0,1501100.0,413300.0,1616000.0,720500.0,379500.0,1702200.0,780600.0,904300.0,,,7.5,2.2482,2.4,0.8,1.3,-7.8,97.1,97.8,-0.3,657523.0,112.2,5863.0,709895.580836
2025-05-01,2025,2,5,,,,,,,,,,,,,828600.0,,,7.6,2.0913,,0.7,1.1,-8.0,95.5,93.6,-0.1,,,5475.0,
2025-06-01,2025,2,6,,,,,,,,,,,,,811300.0,,,7.6,1.9836,2.15,1.0,1.2,-6.7,96.0,98.3,-0.2,,,5957.0,
2025-07-01,2025,3,7,,,,,,,,,,,,,866000.0,,,7.7,1.9863,,1.0,1.5,-7.2,95.8,95.9,-0.8,661062.0,112.8,5958.0,705598.523373
2025-08-01,2025,3,8,,,,,,,,,,,,,591800.0,,,7.7,2.0211,,0.9,1.2,-6.2,96.2,94.8,-0.5,,,1624.0,
2025-09-01,2025,3,9,,,,,,,,,,,,,738100.0,,,7.7,2.0273,,1.2,1.3,-4.4,95.9,93.4,-0.5,,,6897.0,
2025-10-01,2025,4,10,,,,,,,,,,,,,,,,7.7,2.0344,,0.9,1.2,-5.6,96.5,94.7,-0.5,,,6364.0,
2025-11-01,2025,4,11,,,,,,,,,,,,,,,,,2.0417,,0.9,1.0,-4.6,97.7,96.4,-0.3,,,,
2025-12-01,2025,4,12,,,,,,,,,,,,,,,,,2.0458,,0.8,,-6.8,98.7,94.5,0.1,,,,
2026-01-01,2026,1,1,,,,,,,,,,,,,,,,,,,,,,,,,,,,
2026-02-01,2026,1,2,,,,,,,,,,,,,,,,,,,,,,,,,,,,
