date,taux_chomage_total_insee,taux_chomage_homme_insee,taux_chomage_femme_insee,taux_chomage_15_24_insee,taux_chomage_25_49_insee,taux_chomage_50_plus_insee,demandeur_total_abcd_total,demandeur_homme_abcd_total,demandeur_femme_abcd_total,demandeur_total_abcd_moins25,demandeur_total_abcd_2549,demandeur_total_abcd_plus50,demandeur_homme_abcd_moins25,demandeur_homme_abcd_2549,demandeur_homme_abcd_plus50,demandeur_femme_abcd_moins25,demandeur_femme_abcd_2549,demandeur_femme_abcd_plus50,population_active,pib,ict,nb_interimaires,taux_euribor_3m,mro,ipc,isj,ipc_energie_only,taux_chomage_ocde,nb_defaillances_entreprise,indicateur_climat_affaires,indicateur_climat_emploi,indicateur_retournement_conjoncturel,pop_active_var,pib_qoq,pib_logdiff,ipc_yoy,ipc_energie_only_yoy,isj_var,ict_var,taux_chomage_total_insee_diff,taux_chomage_ocde_diff,indicateur_climat_affaires_zscore,indicateur_climat_emploi_zscore,indicateur_climat_affaires_diff,indicateur_climat_affaires_lag,taux_euribor_3m_diff,mro_diff,nb_interimaires_var,nb_defaillances_entreprise_var
2000-01-01,9.1,8.0,10.3,19.0,8.4,6.1,4018600.0,1774200.0,2244400.0,690800.0,2764100.0,563700.0,310100.0,1190400.0,273700.0,380700.0,1573700.0,290000.0,27313657.0,480413.0,64.0,626034.321716824,3.5422999999999996,3.25,1.4666666666666668,0.8666666666666667,13.0,10.233333333333333,12348.0,116.7,112.9,1.0,0.0015721679275964018,0.009741938467100253,0.009694791737612007,5.666666666666666,-3.41635687732342,0.30000000000000004,0.009463722397476282,-0.40000000000000036,-0.43333333333333357,1.7230136071986586,1.3454482157672563,-4.299999999999997,121.0,0.11249999999999938,0.4166666666666665,0.04613696482615515,-0.007076230299131514
2000-04-01,8.7,7.6,9.9,18.0,8.0,5.8,3890000.0,1701100.0,2188900.0,654800.0,2673800.0,561400.0,291600.0,1139200.0,270300.0,363200.0,1534600.0,291100.0,27345643.25,485729.0,64.8,654917.645197839,4.263,3.9166666666666665,1.4333333333333333,1.0999999999999999,12.833333333333334,9.700000000000001,10605.0,117.0,118.9,1.0,0.0011710716730461979,0.011065479077377205,0.011004704585355185,2.9090909090909087,-8.549019607843139,0.26923076923076894,0.012499999999999956,-0.40000000000000036,-0.5333333333333314,1.7544735344306879,1.977184661404201,0.29999999999999716,116.7,0.7207000000000003,0.6666666666666665,0.04613696482615515,-0.141156462585034
2000-07-01,8.4,7.2,9.6,17.4,7.8,5.5,3807900.0,1659300.0,2148600.0,632600.0,2613900.0,561400.0,281900.0,1108900.0,268500.0,350700.0,1505000.0,292900.0,27377629.5,489490.0,65.1,665404.780110458,4.7376000000000005,4.25,1.9000000000000001,1.2333333333333334,14.066666666666668,9.266666666666667,9025.0,118.4,117.8,1.0,0.001169701868322326,0.0077430007267427214,0.00771317754496792,2.5625000000000004,4.780821917808219,0.12121212121212133,0.004629629629629539,-0.29999999999999893,-0.43333333333333357,1.90128652818016,1.861366313037427,1.4000000000000057,117.0,0.4746000000000006,0.3333333333333335,0.016012906339469613,-0.14898632720414895
2000-10-01,8.0,6.9,9.4,16.9,7.5,5.2,3690300.0,1601400.0,2088900.0,604600.0,2530000.0,555700.0,267400.0,1069500.0,264500.0,337200.0,1460500.0,291200.0,27409615.75,492460.0,65.9,651193.119729661,5.024166666666666,4.25,1.9000000000000001,1.3666666666666665,11.133333333333333,8.9,11990.0,114.5,118.8,0.9,0.0011683352643807599,0.006067539684160961,0.006049206286952824,0.9000000000000001,0.6699999999999999,0.10810810810810789,0.012288786482335112,-0.40000000000000036,-0.36666666666666714,1.4923074741637745,1.9666557206435844,-3.9000000000000057,118.4,0.2865666666666655,0.0,-0.02135791747459015,0.3285318559556787
2001-01-01,7.8,6.6,9.2,16.8,7.3,4.9,3609400.0,1565300.0,2044100.0,588000.0,2468100.0,553300.0,260900.0,1041900.0,262500.0,327100.0,1426200.0,290800.0,27441602.0,495040.0,66.6,676865.312560305,4.745033333333333,4.25,1.3,1.4333333333333333,0.6666666666666666,8.7,9060.0,113.4,117.4,0.6,0.0011669718500157966,0.005239004183080764,0.0052253283450518495,-0.11363636363636365,-0.9487179487179487,0.048780487804878314,0.010622154779969417,-0.20000000000000018,-0.20000000000000107,1.3769544076463334,1.819250549994965,-1.0999999999999943,114.5,-0.27913333333333323,0.0,0.03942331706652791,-0.24437030859049202
2001-04-01,7.7,6.5,9.1,16.7,7.2,4.9,3581100.0,1558900.0,2022200.0,586200.0,2442800.0,552100.0,263400.0,1034100.0,261400.0,322800.0,1408700.0,290700.0,27533563.75,495137.0,66.8,645555.263713707,4.590766666666667,4.25,2.0666666666666664,1.3999999999999997,2.3666666666666667,8.733333333333333,12287.0,104.3,110.2,-0.7,0.0033511800805214875,0.0001959437621201765,0.00019592456764883082,0.44186046511627897,-0.8155844155844156,-0.023255813953488635,0.0030030030030030463,-0.09999999999999964,0.033333333333333215,0.42266994827476767,1.0611668152306308,-9.100000000000009,113.4,-0.15426666666666566,0.0,-0.04625742856900861,0.35618101545253866
2001-07-01,7.7,6.7,8.9,17.0,7.2,4.9,3592500.0,1578300.0,2014200.0,597800.0,2442200.0,552500.0,275100.0,1042200.0,261000.0,322700.0,1400000.0,291500.0,27625525.5,497990.0,67.2,629667.972117551,4.267833333333333,4.25,1.7666666666666666,1.7333333333333334,-2.866666666666667,8.8,9316.0,98.8,107.0,-1.0,0.0033399871820078975,0.005762041616764746,0.005745504549404146,-0.07017543859649134,-1.2037914691943128,0.23809523809523836,0.005988023952095967,0.0,0.0666666666666682,-0.15409538431244174,0.7242407108909266,-5.5,104.3,-0.3229333333333342,0.0,-0.024610273495038415,-0.24180027671522752
2001-10-01,7.8,6.9,8.8,17.3,7.2,4.8,3658600.0,1627700.0,2030900.0,620900.0,2476500.0,561200.0,292600.0,1069500.0,265600.0,328300.0,1407000.0,295600.0,27717487.25,495811.0,67.6,596817.192806606,3.4435000000000002,4.25,1.4333333333333333,1.9000000000000001,-6.6000000000000005,8.8,12619.0,95.6,103.3,-0.8,0.0033288688028758617,-0.004375589871282504,-0.004385190781308168,-0.2456140350877194,-1.5928143712574852,0.09615384615384626,0.005952380952380931,0.09999999999999964,0.0,-0.48966794145409115,0.3346699027481436,-3.200000000000003,98.8,-0.8243333333333327,0.0,-0.05217159005319749,0.35455130957492487
2002-01-01,7.8,7.1,8.7,17.5,7.2,4.9,3693700.0,1663200.0,2030500.0,630400.0,2496500.0,566800.0,301500.0,1093000.0,268700.0,328900.0,1403500.0,298100.0,27809449.0,498679.0,68.5,615727.777476742,3.3622333333333336,4.25,2.1666666666666665,2.1666666666666665,-2.9333333333333336,8.766666666666667,11208.0,100.1,101.4,1.0,0.003317824201398256,0.005784462224516895,0.005767796460341756,0.6666666666666665,-5.4,0.14035087719298223,0.013313609467455745,0.0,-0.033333333333333215,-0.01776903297364708,0.13462002829644532,4.5,95.6,-0.0812666666666666,0.0,0.03168572369908906,-0.11181551628496711
2002-04-01,7.9,7.2,8.6,17.6,7.2,5.1,3724100.0,1693400.0,2030700.0,635200.0,2515500.0,573400.0,306400.0,1113900.0,273100.0,328800.0,1401600.0,300300.0,27942020.25,500985.0,69.1,613036.439706958,3.4459999999999997,4.25,1.6333333333333335,2.1,-3.766666666666666,8.633333333333333,11627.0,102.2,101.8,0.07,0.004767129690343763,0.004624217181794288,0.004613558336101775,-0.20967741935483852,-2.591549295774648,-0.03076923076923066,0.008759124087591053,0.10000000000000053,-0.13333333333333464,0.20245045765056105,0.1767357913389074,2.1000000000000085,100.1,0.0837666666666661,0.0,-0.004370986446012193,0.03738401142041403
2002-07-01,7.9,7.2,8.7,17.8,7.2,5.1,3746500.0,1717100.0,2029400.0,642600.0,2524500.0,579400.0,312000.0,1127100.0,278000.0,330600.0,1397400.0,301400.0,28074591.5,503079.0,69.6,600344.027247837,3.357333333333333,4.25,1.7666666666666666,2.1333333333333333,-2.1666666666666665,8.6,9588.0,97.4,98.0,-0.7,0.0047445119863871454,0.004179765861253237,0.004171054904663407,0.0,-0.24418604651162812,0.015873015873015817,0.00723589001447178,0.0,-0.033333333333333215,-0.30090837806191234,-0.2233639575644907,-4.799999999999997,102.2,-0.08866666666666667,0.0,-0.02070417292842841,-0.175367678678937
2002-10-01,7.9,7.3,8.7,18.3,7.2,5.0,3776000.0,1743900.0,2032100.0,648600.0,2544200.0,583200.0,316600.0,1146100.0,281200.0,332000.0,1398100.0,302000.0,28207162.75,503516.0,70.2,593362.363071408,3.1088,4.25,2.1333333333333333,1.8666666666666665,2.3666666666666667,8.566666666666666,12543.0,99.5,95.8,-0.5,0.0047221078889072565,0.0008686508480775235,0.0008682737892673487,0.4883720930232558,-1.3585858585858586,-0.1250000000000001,0.008620689655172598,0.0,-0.033333333333333215,-0.08068888743770569,-0.45500065429803743,2.0999999999999943,97.4,-0.24853333333333305,0.0,-0.011629438887624355,0.3081977471839801
2003-01-01,8.4,7.6,9.2,19.0,7.8,4.8,3833700.0,1783000.0,2050700.0,661600.0,2581400.0,590700.0,324800.0,1172800.0,285400.0,336800.0,1408600.0,305300.0,28339734.0,505079.0,70.4,589480.535952385,2.6830999999999996,4.25,2.3666666666666667,1.7666666666666666,7.833333333333333,8.299999999999999,12813.0,89.1,92.1,-1.0,0.0046999143861075066,0.003104171466249417,0.00309936347332318,0.09230769230769242,-3.670454545454545,-0.05357142857142849,0.002849002849002913,0.5,-0.2666666666666675,-1.171299698148066,-0.8445714624408204,-10.400000000000006,99.5,-0.4257000000000004,0.0,-0.0065420851752874265,0.021525950729490484
2003-04-01,8.5,7.7,9.4,20.3,7.8,5.1,3866600.0,1807500.0,2059100.0,660500.0,2611400.0,594700.0,324800.0,1194600.0,288100.0,335700.0,1416800.0,306600.0,28383092.5,502793.0,70.9,584771.319446013,2.3619,4.25,1.9333333333333333,1.6333333333333335,0.8666666666666667,8.5,11435.0,92.5,93.3,-0.8,0.0015299543743070299,-0.004526024641689719,-0.004536298101559311,0.18367346938775486,-1.2300884955752214,-0.07547169811320742,0.007102272727272707,0.09999999999999964,0.20000000000000107,-0.8147538561850631,-0.7182241733134311,3.4000000000000057,89.1,-0.3211999999999997,0.0,-0.007988756573215294,-0.10754702255521731
2003-07-01,8.4,7.8,9.1,19.8,7.6,5.3,3914300.0,1830200.0,2084100.0,666800.0,2649700.0,597800.0,327300.0,1213400.0,289500.0,339500.0,1436300.0,308300.0,28426451.0,508251.0,71.5,587064.817218,2.1392333333333333,4.25,1.9666666666666668,1.4666666666666668,1.4000000000000001,8.466666666666667,10006.0,95.2,95.5,1.0,0.0015276171897053992,0.010855361948157505,0.01079686545959646,0.11320754716981152,-1.6461538461538463,-0.10204081632653061,0.008462623413258097,-0.09999999999999964,-0.033333333333333215,-0.5316145110967964,-0.4865874765798844,2.700000000000003,92.5,-0.22266666666666657,0.0,0.0039220421654053705,-0.124967205946655
2003-10-01,8.8,8.1,9.5,21.1,7.9,5.5,3966200.0,1859700.0,2106500.0,686100.0,2679000.0,601100.0,337600.0,1231600.0,290500.0,348500.0,1447400.0,310600.0,28469809.5,510007.0,71.9,603342.678749741,2.1496333333333335,4.25,2.1666666666666665,1.6666666666666667,-0.06666666666666667,8.833333333333334,12962.0,99.8,98.4,1.0,0.0015252871348589991,0.003454985823933443,0.0034490310721935202,0.015625,-1.028169014084507,0.13636363636363624,0.005594405594405716,0.40000000000000036,0.36666666666666714,-0.04922896020567639,-0.18124819452202712,4.599999999999994,95.2,0.010400000000000187,0.0,0.027727537154890625,0.2954227463521888
2004-01-01,9.0,8.1,10.0,21.6,8.1,5.7,3938900.0,1842000.0,2096900.0,685100.0,2657800.0,596000.0,335500.0,1220700.0,285800.0,349600.0,1437100.0,310200.0,28513168.0,515573.0,72.8,594162.852029446,2.0629666666666666,4.25,1.8,1.6000000000000003,-2.6333333333333333,8.9,13160.0,102.5,102.0,1.0,0.001522964177192776,0.010913575696019917,0.010854452404171155,-0.23943661971830987,-1.3361702127659574,-0.039999999999999813,0.012517385257301727,0.1999999999999993,0.06666666666666643,0.23391038488259036,0.19779367286013919,2.700000000000003,99.8,-0.08666666666666689,0.0,-0.015214946735274237,0.015275420459805567
2004-04-01,8.8,8.1,9.5,21.5,7.9,5.4,3979500.0,1861200.0,2118300.0,692200.0,2688300.0,599000.0,338800.0,1236300.0,286100.0,353400.0,1452000.0,312900.0,28592152.5,517795.0,73.4,597101.996274864,2.0824666666666665,4.25,2.4,1.6000000000000003,5.266666666666667,8.8,12018.0,102.9,101.5,0.9,0.002770106078707313,0.0043097679669028555,0.004300507514340524,0.24137931034482762,5.076923076923077,0.0,0.008241758241758435,-0.1999999999999993,-0.09999999999999964,0.27585695452529707,0.14514896905706046,0.4000000000000057,102.5,0.01949999999999985,0.0,0.004946698090227075,-0.0867781155015197
2004-07-01,8.8,8.2,9.6,21.9,8.0,5.1,4029400.0,1886500.0,2142900.0,700700.0,2723200.0,605500.0,342200.0,1255900.0,288400.0,358500.0,1467300.0,317100.0,28671137.0,519644.0,74.1,602740.394172607,2.1163000000000003,4.25,2.3000000000000003,1.7,6.833333333333333,8.866666666666667,10014.0,104.7,101.7,0.8,0.0027624537886750122,0.0035709112679729316,0.003564550701844027,0.1694915254237288,3.8809523809523805,0.06249999999999978,0.009536784741144277,0.0,0.06666666666666643,0.46461651791747444,0.16620685057829226,1.7999999999999972,102.9,0.033833333333333826,0.0,0.009442939284945107,-0.16674987518721918
2004-10-01,8.9,8.3,9.6,21.8,8.1,5.2,4066600.0,1903300.0,2163300.0,708700.0,2746300.0,611600.0,346200.0,1266800.0,290300.0,362500.0,1479500.0,321300.0,28750121.5,524260.0,74.6,618876.606121245,2.1636,4.25,2.1,1.3333333333333333,10.733333333333334,8.933333333333334,13165.0,104.9,102.9,0.9,0.002754843660368156,0.00888300451847801,0.008843782734235361,-0.03076923076923066,-162.00000000000003,-0.21568627450980393,0.006747638326585648,0.09999999999999964,0.06666666666666643,0.4855898027388278,0.2925541397056815,0.20000000000000284,104.7,0.0472999999999999,0.0,0.026771412874672995,0.31465947673257433
2005-01-01,8.6,8.2,9.2,21.5,7.9,5.0,4085300.0,1910300.0,2175000.0,713500.0,2756900.0,614900.0,348100.0,1271800.0,290400.0,365400.0,1485100.0,324500.0,28829106.0,525885.0,75.1,619352.446858464,2.140333333333333,4.25,1.7,1.1333333333333333,8.766666666666666,8.633333333333333,13559.0,104.5,105.8,0.8,0.002747275346297151,0.003099607065196741,0.0030948131867560846,-0.05555555555555558,-4.329113924050633,-0.15000000000000002,0.006702412868632601,-0.3000000000000007,-0.3000000000000007,0.4436432330961211,0.5978934217635373,-0.4000000000000057,104.9,-0.023266666666667213,0.0,0.0007688782101513691,0.029927838966957943
2005-04-01,8.8,8.2,9.5,21.5,8.1,4.8,4097400.0,1917300.0,2180100.0,716600.0,2763500.0,617300.0,350300.0,1276600.0,290400.0,366300.0,1486900.0,326900.0,28873980.0,526974.0,75.4,625833.395255491,2.1246,4.25,1.7333333333333334,1.0333333333333334,9.1,8.799999999999999,12955.0,102.0,103.0,1.0,0.001556551909726256,0.0020707949456630903,0.002068653805208598,-0.2777777777777777,0.7278481012658227,-0.08823529411764697,0.003994673768308976,0.20000000000000107,0.16666666666666607,0.1814771728292077,0.3030830804662967,-2.5,104.5,-0.015733333333332933,0.0,0.01046407167663621,-0.044546057968876784
2005-07-01,9.0,8.2,9.8,23.1,8.0,5.2,4052600.0,1890600.0,2162000.0,701500.0,2734000.0,617100.0,341400.0,1260400.0,288800.0,360100.0,1473600.0,328300.0,28918854.0,530976.0,76.2,638799.494785533,2.130333333333333,4.25,1.8666666666666665,0.8333333333333334,13.1,8.966666666666667,9991.0,100.8,104.1,1.0,0.001554132821315335,0.0075943025652118745,0.0075656110194461945,-0.18840579710144945,0.9170731707317072,-0.19354838709677424,0.010610079575596787,0.1999999999999993,0.16666666666666785,0.055637463901088965,0.4189014288330693,-1.2000000000000028,102.0,0.005733333333333146,0.0,0.020718133018051477,-0.22879197221150138
2005-10-01,9.1,8.2,10.0,22.9,8.1,5.4,3973000.0,1845900.0,2127100.0,680700.0,2683300.0,609000.0,329200.0,1233400.0,283300.0,351500.0,1449900.0,325700.0,28963728.0,534661.0,76.7,658395.446720624,2.3434666666666666,4.25,1.7,0.9,9.5,9.1,12846.0,105.0,103.4,0.9,0.0015517212404059233,0.006940050021093214,0.006916078718068874,-0.19047619047619058,-0.1149068322981367,0.08000000000000007,0.006561679790026309,0.09999999999999964,0.13333333333333286,0.4960764451495037,0.34519884350876023,4.200000000000003,100.8,0.2131333333333334,0.0,0.030676217021226693,0.2857571814633171
2006-01-01,9.2,8.4,10.0,24.1,8.1,5.3,3890200.0,1806100.0,2084100.0,662000.0,2628300.0,599900.0,320900.0,1207800.0,277400.0,341100.0,1420500.0,322500.0,29008602.0,539370.0,77.5,643285.422708388,2.6115666666666666,4.25,1.8,1.0333333333333334,10.433333333333332,9.166666666666666,12377.0,104.5,105.8,0.9,0.0015493171321039334,0.008807449954270075,0.00876889060786823,0.05882352941176472,0.1901140684410645,0.14814814814814814,0.010430247718383301,0.09999999999999964,0.06666666666666643,0.4436432330961211,0.5978934217635373,-0.5,105.0,0.2681,0.0,-0.022949769910312945,-0.03650941927448237
2006-04-01,9.0,8.4,9.6,23.8,7.8,5.5,3782700.0,1748800.0,2033900.0,635000.0,2558700.0,589000.0,305400.0,1172600.0,270800.0,329600.0,1386100.0,318200.0,29074402.75,545817.0,78.0,675484.897383286,2.8895,4.25,1.9333333333333336,1.1333333333333335,10.733333333333334,8.933333333333334,11782.0,106.4,111.4,0.8,0.002268318549097925,0.01195283386172763,0.011881962923139255,0.11538461538461542,0.17948717948717974,0.09677419354838723,0.006451612903225712,-0.1999999999999993,-0.2333333333333325,0.6428894388989759,1.18751410435802,1.9000000000000057,104.5,0.27793333333333337,0.0,0.050054724603163736,-0.04807303870081603
2006-07-01,8.9,8.1,9.8,23.4,7.9,5.2,3686500.0,1703700.0,1982800.0,619700.0,2490900.0,575900.0,296600.0,1142900.0,264200.0,323100.0,1348000.0,311700.0,29140203.5,546199.0,78.3,673259.338671987,3.2213666666666665,4.25,1.7,1.2,5.3999999999999995,8.9,10077.0,109.7,108.7,1.0,0.002263184924753192,0.000699868270867432,0.0006996234772778109,-0.08928571428571419,-0.5877862595419847,0.0588235294117645,0.0038461538461538325,-0.09999999999999964,-0.033333333333333215,0.9889486384513012,0.9032327038213945,3.299999999999997,106.4,0.33186666666666653,0.0,-0.0032947571735808534,-0.14471227295875067
2006-10-01,8.4,8.1,8.6,22.8,7.3,5.0,3606800.0,1668600.0,1938200.0,612900.0,2432600.0,561300.0,292700.0,1118300.0,257600.0,320200.0,1314300.0,303700.0,29206004.25,549201.0,78.5,686647.577067802,3.594466666666667,4.25,1.3333333333333333,1.3,-0.06666666666666672,8.366666666666667,13683.0,109.9,112.0,0.9,0.0022580744846205647,0.00549616531703645,0.00548111651572647,-0.21568627450980393,-1.0070175438596491,0.08333333333333348,0.0025542784163474774,-0.5,-0.5333333333333332,1.0099219232726546,1.2506877489217139,0.20000000000000284,109.7,0.37310000000000043,0.0,0.019885707671316588,0.35784459660613277
2007-01-01,8.5,8.0,9.0,22.5,7.4,5.3,3509300.0,1623400.0,1885900.0,595900.0,2368600.0,544800.0,282600.0,1090400.0,250400.0,313300.0,1278200.0,294400.0,29271805.0,554951.0,79.8,729574.390389394,3.8203333333333336,4.25,1.1333333333333333,1.3666666666666665,-0.4666666666666666,8.466666666666667,13874.0,112.1,111.5,0.9,0.0022529870719991685,0.010469755153395655,0.010415326838048244,-0.37037037037037035,-1.0447284345047922,0.0512820512820511,0.016560509554140124,0.09999999999999964,0.09999999999999964,1.2406280563075371,1.1980430451186352,2.1999999999999886,109.9,0.22586666666666666,0.0,0.06251651466521269,0.013958927135861998
2007-04-01,8.1,7.7,8.6,21.2,7.3,4.7,3422900.0,1579900.0,1843000.0,578600.0,2316500.0,527800.0,272700.0,1064800.0,242400.0,305900.0,1251700.0,285400.0,29320096.25,558560.0,79.8,708715.58434817,4.0648333333333335,4.25,1.2,1.4666666666666668,-0.7999999999999999,8.1,12813.0,114.0,113.6,1.0,0.0016497530644250524,0.006503276865885477,0.0064822217962206,-0.3793103448275863,-1.0745341614906831,0.07317073170731736,0.0,-0.40000000000000036,-0.36666666666666714,1.439874262110392,1.4191508010915652,1.9000000000000057,112.1,0.24449999999999994,0.0,-0.02859037586296187,-0.07647398010667439
2007-07-01,8.0,7.7,8.2,19.9,7.3,4.6,3368400.0,1555800.0,1812600.0,572900.0,2278300.0,517200.0,270500.0,1048000.0,237300.0,302400.0,1230300.0,279900.0,29368387.5,560327.0,80.2,695482.408596413,4.5005,4.25,1.2666666666666666,1.5,-0.3666666666666667,8.0,10633.0,111.4,114.1,0.9,0.0016470358619644632,0.0031634918361500564,0.0031584985239483387,-0.2549019607843137,-1.0679012345679013,0.022727272727272707,0.005012531328320913,-0.09999999999999964,-0.09999999999999964,1.1672215594328026,1.471795504894644,-2.5999999999999943,114.0,0.4356666666666662,0.0,-0.018672054127225057,-0.17013970186529304
2007-10-01,7.5,7.1,7.8,20.0,6.6,4.2,3304600.0,1524700.0,1779900.0,555800.0,2238600.0,510200.0,261900.0,1029200.0,233600.0,293900.0,1209400.0,276600.0,29416678.75,560913.0,80.6,690128.359601113,4.724766666666667,4.25,2.3333333333333335,1.7,8.666666666666666,7.5,14030.0,110.2,114.7,0.8,0.0016443275954458603,0.0010458178884829028,0.0010452714019386633,0.7500000000000002,-130.9999999999999,0.1333333333333333,0.004987531172069737,-0.5,-0.5,1.041381850504684,1.5349691494583395,-1.2000000000000028,111.4,0.22426666666666684,0.0,-0.007698324111612309,0.31947709959559867
2008-01-01,7.2,6.9,7.4,18.8,6.4,4.1,3267000.0,1502700.0,1764300.0,550800.0,2210500.0,505700.0,257900.0,1014100.0,230700.0,292900.0,1196400.0,275000.0,29464970.0,565808.0,81.8,727081.538493807,4.4799999999999995,4.25,2.9333333333333336,1.9333333333333333,12.133333333333333,7.1000000000000005,13932.0,108.3,112.9,0.8,0.0016416282208608912,0.008726843556843944,0.008688984756721752,1.5882352941176472,-27.0,0.13725490196078427,0.01488833746898277,-0.2999999999999998,-0.39999999999999947,0.8421356447018291,1.3454482157672563,-1.9000000000000057,110.2,-0.24476666666666702,0.0,0.05354537076849364,-0.006985032074126818
2008-04-01,7.3,6.9,7.7,19.6,6.4,4.7,3245200.0,1499000.0,1746200.0,552600.0,2186700.0,505900.0,260500.0,1007300.0,231200.0,292100.0,1179400.0,274700.0,29521907.75,561543.0,81.4,672776.995183245,4.8604666666666665,4.25,3.3000000000000003,2.0,15.4,7.333333333333333,13422.0,99.8,104.6,-0.6,0.0019323878490289381,-0.007537892712722316,-0.007566446205268917,1.7500000000000004,-20.250000000000004,0.034482758620689724,-0.004889975550122161,0.09999999999999964,0.2333333333333325,-0.04922896020567639,0.47154613263614803,-8.5,108.3,0.38046666666666695,0.0,-0.07468838147514656,-0.03660637381567611
2008-07-01,7.4,7.1,7.8,20.4,6.5,4.5,3280700.0,1526300.0,1754400.0,565200.0,2205300.0,510200.0,270200.0,1022200.0,233900.0,295000.0,1183100.0,276300.0,29578845.5,560192.0,82.1,636936.631336,4.9818,4.25,3.266666666666667,2.033333333333333,16.0,7.5,11822.0,92.4,100.2,-1.0,0.001928660928086634,-0.0024058709662483357,-0.002408769724093318,1.578947368421053,-44.63636363636363,0.016666666666666607,0.008599508599508532,0.10000000000000053,0.16666666666666696,-0.8252404985957391,0.008272739169056043,-7.3999999999999915,99.8,0.1213333333333333,0.0,-0.05327227908184218,-0.11920727164357026
2008-10-01,7.8,7.3,8.2,21.9,6.7,4.3,3397400.0,1612100.0,1785300.0,604300.0,2269900.0,523200.0,297200.0,1072100.0,242800.0,307100.0,1197800.0,280400.0,29635783.25,553076.0,82.4,548667.317156997,4.214666666666667,3.1666666666666665,1.7666666666666668,1.9333333333333333,0.36666666666666653,7.8,16466.0,76.2,84.0,-1.0,0.0019249483554049096,-0.012702787615674671,-0.012784157842510524,-0.24285714285714288,-0.9576923076923077,-0.0491803278688524,0.0036540803897686658,0.39999999999999947,0.2999999999999998,-2.524076569125338,-1.6974156640506954,-16.200000000000003,92.4,-0.7671333333333328,-1.0833333333333335,-0.13858413825854954,0.3928269328370835
2009-01-01,8.6,8.4,8.8,24.2,7.5,4.8,3592900.0,1744600.0,1848300.0,660000.0,2383200.0,549700.0,334600.0,1150800.0,259200.0,325400.0,1232400.0,290500.0,29692721.0,542746.0,82.0,477838.210451364,2.0117,1.8333333333333333,0.6333333333333333,1.7333333333333334,-10.5,8.6,17274.0,69.1,74.5,-0.9,0.00192125004828414,-0.018677360796707898,-0.01885398541185168,-0.7840909090909092,-1.8653846153846154,-0.10344827586206895,-0.004854368932038944,0.7999999999999998,0.7999999999999998,-3.268628180283373,-2.6976650363091914,-7.1000000000000085,76.2,-2.202966666666667,-1.3333333333333333,-0.12909299404353958,0.04907081258350532
2009-04-01,9.2,9.1,9.3,25.3,8.0,5.3,3803400.0,1877300.0,1926100.0,712400.0,2508800.0,582200.0,368100.0,1231400.0,277800.0,344300.0,1277400.0,304400.0,29714804.75,543686.0,82.6,479414.905817944,1.3106333333333333,1.0833333333333333,-0.2333333333333333,1.5666666666666667,-16.099999999999998,9.166666666666666,15948.0,77.6,75.1,-0.3,0.0007437428856722494,0.0017319335379717415,0.0017304354705345304,-1.0707070707070707,-2.045454545454545,-0.09615384615384615,0.007317073170731714,0.5999999999999996,0.5666666666666664,-2.3772635753758675,-2.6344913917454975,8.5,69.1,-0.7010666666666665,-0.75,0.003299642707707884,-0.07676276484890587
2009-07-01,9.2,9.0,9.4,25.4,8.0,5.3,3935400.0,1953000.0,1982400.0,730400.0,2592800.0,612200.0,378600.0,1280900.0,293500.0,351800.0,1311900.0,318700.0,29736888.5,544560.0,83.2,503573.163076576,0.8692000000000001,1.0,-0.43333333333333335,2.1666666666666665,-15.533333333333333,9.200000000000001,13756.0,85.9,82.9,0.9,0.0007431901432903842,0.0016075455317958731,0.0016062548135504784,-1.1326530612244898,-1.9708333333333332,0.3829787234042552,0.007263922518159882,0.0,0.03333333333333499,-1.5068722552897138,-1.813234012417468,8.300000000000011,77.6,-0.44143333333333323,-0.08333333333333326,0.05039112669518464,-0.13744670178078755
2009-10-01,9.5,9.6,9.4,25.3,8.4,5.8,4052800.0,2019100.0,2033700.0,744800.0,2668200.0,639800.0,386100.0,1324800.0,308200.0,358700.0,1343400.0,331600.0,29758972.25,548448.0,83.9,530033.190426606,0.7219000000000001,1.0,0.3666666666666667,1.7333333333333334,-4.766666666666667,9.533333333333333,16305.0,90.7,88.5,0.8,0.0007426382218838068,0.0071397091229616905,0.007114342070465796,-0.7924528301886793,-14.000000000000005,-0.19999999999999996,0.008413461538461675,0.3000000000000007,0.33333333333333215,-1.0035134195772406,-1.2236133298229868,4.799999999999997,85.9,-0.1473,0.0,0.052544554178329594,0.18530095958127357
2010-01-01,9.4,9.4,9.4,24.6,8.3,5.7,4116100.0,2052800.0,2063300.0,741600.0,2708000.0,666500.0,383000.0,1347300.0,322500.0,358600.0,1360700.0,344000.0,29781056.0,550311.0,84.4,555834.981812386,0.6621666666666667,1.0,1.3333333333333333,1.6666666666666667,7.1000000000000005,9.4,17310.0,92.1,93.0,0.7,0.000742087119624868,0.0033968580430596695,0.003391101752628245,1.1052631578947367,-1.6761904761904762,-0.038461538461538436,0.005959475566150285,-0.09999999999999964,-0.13333333333333286,-0.85670042582777,-0.7498109955952781,1.3999999999999915,90.7,-0.059733333333333416,0.0,0.048679576773320576,0.06163753449861997
2010-04-01,9.3,9.1,9.4,25.0,8.2,5.5,4175800.0,2081500.0,2094300.0,741000.0,2743400.0,691400.0,380700.0,1365500.0,335300.0,360300.0,1377900.0,356100.0,29789753.0,552875.0,85.0,578431.356101622,0.6862666666666667,1.0,1.5999999999999999,1.4000000000000001,11.966666666666667,9.266666666666667,15276.0,96.8,97.5,0.8,0.00029203128324262195,0.004659183625259189,0.004648363225701502,-7.857142857142858,-1.7432712215320914,-0.15999999999999992,0.007109004739336511,-0.09999999999999964,-0.13333333333333286,-0.36382823252597246,-0.27600866136756946,4.700000000000003,92.1,0.02410000000000001,0.0,0.04065302657914227,-0.11750433275563255
2010-07-01,9.2,9.1,9.4,25.5,8.1,5.5,4220100.0,2099300.0,2120800.0,734900.0,2768900.0,716300.0,375200.0,1376600.0,347500.0,359700.0,1392300.0,368800.0,29798450.0,556495.0,85.4,602606.574471431,0.8749333333333333,1.0,1.5666666666666667,0.7000000000000001,9.566666666666668,9.233333333333333,12734.0,102.9,99.7,0.9,0.00029194602587012675,0.006547592132037039,0.0065262497607800896,-4.615384615384615,-1.6158798283261804,-0.5,0.004705882352941337,-0.10000000000000142,-0.03333333333333499,0.27585695452529707,-0.044371964634022695,6.1000000000000085,96.8,0.18866666666666665,0.0,0.0417944465057003,-0.16640481801518725
2010-10-01,9.2,8.7,9.7,23.8,8.3,5.6,4254100.0,2104000.0,2150100.0,722700.0,2788800.0,742600.0,365300.0,1379100.0,359600.0,357400.0,1409700.0,383000.0,29807147.0,559828.0,86.0,630846.447811083,1.0204666666666666,1.0,1.6666666666666667,0.7333333333333334,11.200000000000001,9.2,15073.0,107.2,105.5,1.0,0.00029186081826404475,0.005989272140809909,0.005971407744752355,3.545454545454545,-3.34965034965035,0.04761904761904767,0.007025761124121788,0.0,-0.033333333333333215,0.7267825781843879,0.5663065994816904,4.299999999999997,102.9,0.1455333333333333,0.0,0.046862869633346405,0.1836814826448876
2011-01-01,9.2,8.7,9.7,24.8,8.2,5.5,4302000.0,2114000.0,2188000.0,725300.0,2807500.0,769200.0,362900.0,1379900.0,371200.0,362400.0,1427600.0,398000.0,29815844.0,567207.0,87.4,637732.413513651,1.0931333333333333,1.0,1.8,0.6333333333333333,14.666666666666666,9.166666666666666,16929.0,109.9,109.0,1.0,0.0002917756603810773,0.013180834113334816,0.013094722773551837,0.3500000000000001,1.065727699530516,-0.13636363636363646,0.016279069767441978,0.0,-0.033333333333333215,1.0099219232726546,0.9348195261032415,2.700000000000003,107.2,0.07266666666666666,0.0,0.010915438656206922,0.12313408080674049
2011-04-01,9.1,8.8,9.4,24.2,8.1,5.5,4345600.0,2127900.0,2217700.0,726300.0,2824000.0,795300.0,361400.0,1383500.0,383000.0,364900.0,1440500.0,412300.0,29880453.0,567289.0,87.7,640411.444797324,1.4116333333333333,1.25,2.066666666666667,1.1333333333333335,12.166666666666666,9.133333333333333,15223.0,108.0,111.1,0.9,0.0021669351369024703,0.00014456803248186212,0.00014455758353015824,0.29166666666666696,0.01671309192200554,0.7894736842105268,0.003432494279176135,-0.09999999999999964,-0.033333333333333215,0.8106757174697998,1.1559272820761717,-1.9000000000000057,109.9,0.3185,0.25,0.004200870501332332,-0.1007738200720657
2011-07-01,9.2,9.0,9.5,23.6,8.4,5.8,4407500.0,2151300.0,2256200.0,729100.0,2852700.0,825700.0,362000.0,1392900.0,396400.0,367100.0,1459800.0,429300.0,29945062.0,569065.0,88.2,631568.247832734,1.5620666666666665,1.5,2.1,1.0333333333333334,11.799999999999999,9.2,12197.0,98.6,103.6,-0.9,0.002162249682091444,0.0031306794244203573,0.0031257890517260023,0.34042553191489366,0.233449477351916,-0.08823529411764708,0.005701254275940704,0.09999999999999964,0.06666666666666643,-0.1750686691337951,0.36625672502999057,-9.400000000000006,108.0,0.1504333333333332,0.25,-0.013808617938407819,-0.19877816461932607
2011-10-01,9.3,9.3,9.4,24.0,8.6,5.8,4480300.0,2182600.0,2297700.0,736700.0,2886500.0,857100.0,365300.0,1406800.0,410500.0,371400.0,1479700.0,446600.0,30009671.0,571078.0,89.0,626979.993853219,1.4955666666666667,1.25,2.433333333333333,1.5333333333333332,10.666666666666666,9.333333333333334,15246.0,94.3,98.4,-0.9,0.0021575844458094906,0.0035373814942054604,0.0035311396757524705,0.45999999999999974,-0.04761904761904778,0.4838709677419353,0.009070294784580435,0.10000000000000142,0.13333333333333464,-0.6259942927928859,-0.18124819452202712,-4.299999999999997,98.6,-0.06649999999999978,-0.25,-0.007264858541036423,0.24997950315651396
2012-01-01,9.5,9.6,9.4,24.2,8.8,5.8,4555300.0,2227200.0,2328100.0,748400.0,2920800.0,886100.0,373300.0,1428600.0,425300.0,375100.0,1492200.0,460800.0,30074280.0,570781.0,89.1,599092.442106933,1.043,1.0,2.3333333333333335,1.5,7.3999999999999995,9.5,16990.0,95.4,98.3,-0.6,0.0021529392974684036,-0.0005200690623697879,-0.0005202043451912886,0.2962962962962963,-0.4954545454545455,-0.021739130434782483,0.0011235955056179137,0.1999999999999993,0.16666666666666607,-0.5106412262754431,-0.19177713528264376,1.1000000000000085,94.3,-0.4525666666666668,-0.25,-0.04447917321077188,0.11439065984520536
2012-04-01,9.7,9.6,9.8,25.0,8.9,6.1,4632400.0,2267400.0,2365000.0,758700.0,2958200.0,915500.0,379300.0,1449100.0,439000.0,379400.0,1509100.0,476500.0,30127561.25,568576.0,89.8,580029.902299997,0.6960333333333333,1.0,2.0,1.4333333333333333,4.533333333333333,9.666666666666666,14603.0,91.5,93.4,-1.0,0.0017716550487658633,-0.0038631278896810173,-0.0038706090415399075,-0.032258064516129115,-0.6273972602739726,-0.0444444444444444,0.007856341189674598,0.1999999999999993,0.16666666666666607,-0.9196202802918285,-0.7076952325528145,-3.9000000000000057,95.4,-0.34696666666666665,0.0,-0.031819029029802826,-0.14049440847557382
2012-07-01,9.8,9.8,9.7,26.1,8.9,6.0,4756400.0,2332900.0,2423500.0,782500.0,3020200.0,953700.0,393900.0,1481600.0,457400.0,388600.0,1538600.0,496300.0,30180842.5,570293.0,90.3,555028.46692375,0.35856666666666664,0.75,1.9666666666666668,1.3333333333333333,5.433333333333334,9.733333333333333,12634.0,87.9,91.3,-0.8,0.0017685218381224832,0.0030198249662314325,0.0030152744536842135,-0.06349206349206349,-0.53954802259887,-0.06976744186046513,0.0055679287305121505,0.10000000000000142,0.06666666666666643,-1.2971394070761832,-0.928802988525746,-3.5999999999999943,91.5,-0.33746666666666664,-0.25,-0.043103700821472524,-0.13483530781346298
2012-10-01,10.2,10.2,10.1,27.9,9.0,6.5,4882500.0,2400400.0,2482100.0,805700.0,3085600.0,991200.0,408100.0,1517100.0,475200.0,397600.0,1568500.0,516000.0,30234123.75,570171.0,91.0,538467.935559604,0.19513333333333335,0.75,1.5333333333333332,0.7999999999999999,3.466666666666667,10.166666666666666,16984.0,88.3,89.3,-0.7,0.001765399690217384,-0.00021392512270013153,-0.00021394800794283242,-0.36986301369863017,-0.675,-0.4,0.007751937984496138,0.3999999999999986,0.43333333333333357,-1.255192837433478,-1.139381803738061,0.3999999999999915,87.9,-0.1634333333333333,0.0,-0.029837264845050115,0.3443090074402406
2013-01-01,10.3,10.5,10.2,27.3,9.3,6.7,5000000.0,2465000.0,2535000.0,823000.0,3154500.0,1022500.0,418000.0,1556600.0,490400.0,405000.0,1597900.0,532100.0,30287405.0,571272.0,89.3,556816.091809299,0.21146666666666666,0.75,1.0666666666666667,0.6666666666666666,1.8333333333333333,10.4,16615.0,85.7,88.2,-1.0,0.0017622885465631288,0.0019309996474741187,0.0019291376642627256,-0.5428571428571429,-0.7522522522522522,-0.16666666666666663,-0.018681318681318726,0.10000000000000142,0.23333333333333428,-1.5278455401110673,-1.2552001521048337,-2.5999999999999943,88.3,0.01633333333333331,0.0,0.03407474250184772,-0.021726330664154525
2013-04-01,10.5,10.6,10.4,27.0,9.5,6.8,5086300.0,2513800.0,2572500.0,830300.0,3203500.0,1052500.0,422800.0,1585600.0,505400.0,407500.0,1617900.0,547100.0,30264104.75,576318.0,90.1,550118.048701465,0.20679999999999998,0.5833333333333334,0.7999999999999999,0.43333333333333335,0.36666666666666664,10.433333333333334,15650.0,86.7,88.5,-0.8,-0.0007693049305478317,0.008832920220140261,0.008794138185432843,-0.6000000000000001,-0.9191176470588236,-0.35,0.008958566629339249,0.1999999999999993,0.033333333333333215,-1.422979116004302,-1.2236133298229868,1.0,85.7,-0.00466666666666668,-0.16666666666666663,-0.012029183794005638,-0.05808004814926271
2013-07-01,10.3,10.4,10.1,26.1,9.4,6.8,5114000.0,2531600.0,2582400.0,818100.0,3221400.0,1074500.0,417500.0,1597500.0,516600.0,400600.0,1623900.0,557900.0,30240804.5,574955.0,90.7,566117.497656758,0.2235,0.5,0.9666666666666668,0.5666666666666667,0.7333333333333334,10.233333333333334,13516.0,95.7,91.1,1.0,-0.0007698972162724083,-0.0023650137597646115,-0.002367814822045844,-0.5084745762711864,-0.8650306748466258,0.3076923076923077,0.006659267480577213,-0.1999999999999993,-0.1999999999999993,-0.4791812990434137,-0.9498608700469778,9.0,86.7,0.01670000000000002,-0.08333333333333337,0.029083664848043256,-0.1363578274760383
2013-10-01,10.1,10.2,10.1,25.3,9.4,6.6,5179900.0,2567900.0,2612000.0,818500.0,3257100.0,1104300.0,419400.0,1616900.0,531600.0,399100.0,1640200.0,572700.0,30217504.25,578421.0,91.3,569088.400366406,0.2409,0.3333333333333333,0.6666666666666666,0.6,0.26666666666666666,10.166666666666666,16884.0,94.2,93.7,0.7,-0.0007704904146977887,0.0060282978667896,0.006010200374168662,-0.5652173913043479,-0.9230769230769231,0.05882352941176472,0.006615214994487362,-0.20000000000000107,-0.0666666666666682,-0.6364809352035617,-0.6761084102709676,-1.5,95.7,0.0174,-0.16666666666666669,0.005247855298493809,0.24918614974844622
2014-01-01,10.1,10.5,9.8,25.3,9.3,6.9,5240600.0,2603600.0,2637000.0,816200.0,3286000.0,1138400.0,419600.0,1635200.0,548800.0,396600.0,1650800.0,589600.0,30194204.0,578451.0,90.6,564160.431772146,0.2951333333333333,0.25,0.7000000000000001,0.4666666666666666,-0.9,10.2,17297.0,96.4,95.0,0.8,-0.0007710845279355061,5.186533683954053e-05,5.186399187806501e-05,-0.3437499999999999,-1.490909090909091,-0.22222222222222232,-0.00766703176341732,0.0,0.033333333333333215,-0.4057748021686777,-0.5392321803829632,2.200000000000003,94.2,0.0542333333333333,-0.08333333333333331,-0.008659407907606442,0.024461028192371392
2014-04-01,10.2,10.4,9.9,25.4,9.4,6.7,5315800.0,2648000.0,2667800.0,815000.0,3329000.0,1171800.0,420300.0,1661600.0,566100.0,394700.0,1667400.0,605700.0,30211022.0,579926.0,90.9,575065.178496501,0.29856666666666665,0.21666666666666667,0.6333333333333333,0.3,0.46666666666666673,10.133333333333333,15624.0,95.1,94.6,-0.8,0.0005569943158627577,0.0025499134758173447,0.0025466679624646105,-0.20833333333333326,0.27272727272727293,-0.3571428571428571,0.0033112582781458233,0.09999999999999964,-0.06666666666666643,-0.5421011535074738,-0.5813479434254267,-1.3000000000000114,96.4,0.003433333333333344,-0.033333333333333326,0.01932915906580135,-0.09672197490894374
2014-07-01,10.3,10.5,10.1,25.7,9.6,6.8,5381200.0,2684100.0,2697100.0,815400.0,3368600.0,1197200.0,420600.0,1684100.0,579400.0,394800.0,1684500.0,617800.0,30227840.0,583622.0,91.3,559834.886285056,0.16456666666666667,0.11666666666666665,0.39999999999999997,0.13333333333333333,-1.0999999999999999,10.266666666666666,13704.0,92.0,93.7,-0.9,0.0005566842459019394,0.006373226928952924,0.00635300379713577,-0.5862068965517242,-2.5,-0.5555555555555556,0.004400440044004306,0.10000000000000142,0.13333333333333286,-0.8671870682384458,-0.6761084102709676,-3.0999999999999943,95.1,-0.13399999999999998,-0.10000000000000002,-0.026484462598247216,-0.12288786482334868
2014-10-01,10.5,10.8,10.1,26.2,9.7,7.0,5479700.0,2734200.0,2745500.0,833200.0,3422400.0,1224100.0,430100.0,1711600.0,592500.0,403100.0,1710800.0,631600.0,30244658.0,581960.0,91.5,566462.084160225,0.08146666666666667,0.05000000000000001,0.3,-0.06666666666666667,-2.2333333333333334,10.466666666666667,15939.0,94.0,94.1,-1.0,0.0005563745209713478,-0.002847733635812255,-0.0028517961437035666,-0.55,-9.375,-1.5,0.0021905805038335835,0.1999999999999993,0.20000000000000107,-0.6574542200249152,-0.6339926472285055,2.0,92.0,-0.0831,-0.06666666666666665,0.011837772238785682,0.16309106830122588
2015-01-01,10.3,10.7,9.9,26.2,9.5,6.6,5571600.0,2777600.0,2794000.0,841300.0,3478800.0,1251500.0,433700.0,1738500.0,605400.0,407600.0,1740300.0,646100.0,30261476.0,585358.0,91.3,565293.829352,0.046033333333333336,0.05000000000000001,-0.26666666666666666,0.16666666666666666,-5.366666666666667,10.366666666666667,18612.0,97.0,94.6,-0.4,0.000556065140495221,0.005838889270740166,0.005821909021916483,-1.380952380952381,4.962962962962964,-3.5,-0.002185792349726823,-0.1999999999999993,-0.09999999999999964,-0.34285494770461905,-0.5813479434254267,3.0,94.0,-0.03543333333333334,0.0,-0.002062370705634975,0.16770186335403725
2015-04-01,10.5,11.0,10.0,26.1,9.6,7.2,5692500.0,2838700.0,2853800.0,852200.0,3550300.0,1290000.0,439700.0,1774900.0,624100.0,412500.0,1775400.0,665900.0,30266141.5,585816.0,91.7,588058.491342,-0.006533333333333333,0.05000000000000001,0.2333333333333333,0.4666666666666666,-2.8666666666666667,10.433333333333334,15207.0,100.8,98.7,0.7,0.00015417291608654793,0.0007824271642311587,0.0007821212276688527,-0.631578947368421,-7.142857142857142,1.7999999999999998,0.004381161007667167,0.1999999999999993,0.06666666666666643,0.055637463901088965,-0.14966137224018017,3.799999999999997,97.0,-0.05256666666666667,0.0,0.04027049440128372,-0.18294648613797548
2015-07-01,10.3,10.8,9.9,26.1,9.5,7.0,5706700.0,2839200.0,2867500.0,832400.0,3555400.0,1318900.0,428800.0,1774000.0,636400.0,403600.0,1781400.0,682500.0,30270807.0,587305.0,92.0,609687.798168,-0.027800000000000002,0.05000000000000001,0.06666666666666667,0.5666666666666667,-5.033333333333333,10.3,13270.0,102.2,99.6,0.7,0.00015414915046241262,0.002541753724718987,0.002538528931983919,-0.8333333333333333,3.575757575757576,0.2142857142857144,0.0032715376226826187,-0.1999999999999993,-0.13333333333333286,0.20245045765056105,-0.05490090539463934,1.4000000000000057,100.8,-0.02126666666666667,0.0,0.03678087663803664,-0.12737555073321494
2015-10-01,10.2,10.7,9.8,25.9,9.3,6.9,5753600.0,2855300.0,2898300.0,829300.0,3582200.0,1342100.0,426700.0,1781600.0,647000.0,402600.0,1800600.0,695100.0,30275472.5,588710.0,92.4,622667.637108,-0.08916666666666667,0.05000000000000001,0.10000000000000002,0.9,-5.6000000000000005,10.266666666666667,16022.0,101.7,100.5,0.4,0.00015412539216419496,0.0023922833961911305,0.0023894264417894107,-0.6666666666666665,1.5074626865671643,0.5882352941176472,0.004347826086956497,-0.10000000000000142,-0.033333333333333215,0.15001724559717838,0.03985956145090298,-0.5,102.2,-0.06136666666666667,0.0,0.021289320499773945,0.2073850791258478
2016-01-01,10.2,10.7,9.7,26.2,9.4,6.7,5768400.0,2856100.0,2912300.0,821800.0,3590200.0,1356400.0,422000.0,1780300.0,653800.0,399800.0,1809900.0,702600.0,30280138.0,590524.0,93.3,623154.914605,-0.18606666666666669,0.03333333333333333,-0.03333333333333333,0.7666666666666666,-5.833333333333333,10.299999999999999,16674.0,103.1,99.2,0.4,0.00015410164118834224,0.003081313380102202,0.0030765758633837237,-0.875,0.08695652173913038,-0.14814814814814825,0.009740259740259605,0.0,0.03333333333333144,0.296830239346649,-0.09701666843710142,1.3999999999999915,101.7,-0.09690000000000001,-0.016666666666666677,0.0007825643536947258,0.04069404568718005
2016-04-01,10.0,10.3,9.8,26.1,9.1,6.7,5732100.0,2837800.0,2894300.0,806500.0,3559700.0,1365900.0,413600.0,1765600.0,658600.0,392900.0,1794100.0,707300.0,30296874.75,589521.0,92.8,638873.334067,-0.2581,0.0,0.0,0.6333333333333333,-5.2,10.0,15203.0,103.1,101.0,0.4,0.0005527303079002621,-0.0016984915092358444,-0.0016999355813336336,-1.0,0.8139534883720931,-0.17391304347826086,-0.005359056806002127,-0.1999999999999993,-0.29999999999999893,0.296830239346649,0.09250426525398173,0.0,103.1,-0.07203333333333331,-0.03333333333333333,0.02522393564361658,-0.08822118267962098
2016-07-01,9.9,9.8,10.0,26.3,8.7,7.1,5759400.0,2844400.0,2915000.0,801700.0,3574000.0,1383700.0,410000.0,1767900.0,666500.0,391700.0,1806100.0,717200.0,30313611.5,590306.0,93.0,662424.279535,-0.2981,0.0,0.26666666666666666,0.5333333333333333,-2.466666666666667,9.866666666666667,11671.0,103.6,105.1,0.8,0.0005524249658785951,0.0013315895447321147,0.0013307037656158371,3.0,-0.509933774834437,-0.1578947368421052,0.0021551724137931494,-0.09999999999999964,-0.13333333333333286,0.3492634514000317,0.5241908364392268,0.5,103.1,-0.03999999999999998,0.0,0.03686324692576726,-0.23232256791422745
2016-10-01,10.0,10.2,9.9,25.2,9.2,6.9,5772600.0,2843800.0,2928800.0,787100.0,3578500.0,1407000.0,401900.0,1765800.0,676100.0,385200.0,1812700.0,730900.0,30330348.25,594024.0,93.1,689291.808533,-0.3125,0.0,0.5,0.5,2.3666666666666667,10.066666666666666,14607.0,106.1,106.4,0.9,0.000552119961028108,0.006298428272794032,0.006278676068616207,3.999999999999999,-1.4226190476190474,-0.0625,0.0010752688172042113,0.09999999999999964,0.1999999999999993,0.611429511666945,0.6610670663272327,2.5,103.6,-0.014400000000000024,0.0,0.04055939648960338,0.2515637049096051
2017-01-01,9.6,9.6,9.7,23.9,8.8,6.8,5816900.0,2854200.0,2962700.0,783000.0,3600800.0,1433100.0,398400.0,1769000.0,686800.0,384600.0,1831800.0,746300.0,30347085.0,598021.0,93.4,717725.176461,-0.32780000000000004,0.0,1.2,0.39999999999999997,10.533333333333333,9.633333333333333,15839.0,106.7,107.6,0.8,0.0005518152927901365,0.006728684362921289,0.006706147804070639,-37.0,-2.805714285714286,-0.20000000000000007,0.003222341568206444,-0.40000000000000036,-0.43333333333333357,0.6743493661310052,0.7874143554546205,0.6000000000000085,106.1,-0.015300000000000036,0.0,0.04125011725950145,0.0843431231601286
2017-04-01,9.5,9.6,9.5,24.7,8.6,6.5,5857700.0,2860900.0,2996800.0,780800.0,3626400.0,1450500.0,394800.0,1772800.0,693300.0,386000.0,1853600.0,757200.0,30394036.25,602617.0,93.6,753640.632325,-0.3299666666666667,0.0,0.9,0.39999999999999997,5.5,9.5,13750.0,108.9,107.4,0.9,0.001547142007214175,0.007685348842264794,0.007655966992674124,inf,-2.0576923076923075,0.0,0.0021413276231261325,-0.09999999999999964,-0.13333333333333286,0.9050554991658892,0.7663564739333901,2.200000000000003,106.7,-0.00216666666666665,0.0,0.05004067997320916,-0.13188963949744303
2017-07-01,9.5,9.5,9.4,23.0,8.8,6.6,5903200.0,2871200.0,3032000.0,782800.0,3652800.0,1467600.0,393800.0,1777600.0,699800.0,389000.0,1875200.0,767800.0,30440987.5,606902.0,93.8,779359.822968,-0.3296333333333334,0.0,0.8666666666666667,0.5,3.9333333333333336,9.466666666666667,10823.0,111.2,106.5,1.0,0.0015447520564169093,0.0071106523712407554,0.0070854908886275325,2.25,-2.5945945945945947,0.25,0.002136752136752129,0.0,-0.033333333333333215,1.1462482746114493,0.6715960070878478,2.299999999999997,108.9,0.0003333333333332966,0.0,0.03412659766453352,-0.21287272727272732
2017-10-01,9.0,9.1,8.9,22.5,8.1,6.4,5933900.0,2870300.0,3063600.0,781800.0,3667000.0,1485100.0,391300.0,1773400.0,705600.0,390500.0,1893600.0,779500.0,30487938.75,610537.0,94.6,803650.364974,-0.32880000000000004,0.0,1.1666666666666667,0.5333333333333333,5.066666666666666,9.033333333333333,14159.0,113.5,108.6,1.0,0.0015423694779941322,0.005989434867573307,0.005971569502692731,1.3333333333333335,1.140845070422535,0.06666666666666665,0.008528784648187626,-0.5,-0.43333333333333357,1.3874410500570091,0.8927037630607779,2.299999999999997,111.2,0.0008333333333333526,0.0,0.031167300764229244,0.3082324678924513
2018-01-01,9.3,9.2,9.4,23.1,8.5,6.4,5942900.0,2863500.0,3079400.0,778900.0,3668400.0,1495600.0,388100.0,1766500.0,708900.0,390800.0,1901900.0,786700.0,30534890.0,610309.0,95.4,811095.265474,-0.32830000000000004,0.0,1.3666666666666665,0.7999999999999999,5.133333333333334,9.266666666666667,14413.0,111.8,110.8,0.9,0.0015399942378853115,-0.00037344174063158597,-0.0003735114873641976,0.13888888888888884,-0.5126582278481012,0.5,0.008456659619450413,0.3000000000000007,0.23333333333333428,1.2091681290755079,1.1243404597943247,-1.7000000000000028,113.5,0.0005000000000000004,0.0,0.009263855059956194,0.01793911999434994
2018-04-01,9.1,9.1,9.1,22.0,8.4,6.4,5942500.0,2855900.0,3086600.0,778600.0,3656500.0,1507400.0,387500.0,1755900.0,712500.0,391100.0,1900600.0,794900.0,30526278.5,611896.0,96.1,801515.393167,-0.3252333333333333,0.0,1.8666666666666665,0.8666666666666667,9.533333333333333,9.1,13394.0,109.2,109.8,1.0,-0.0002820216480229343,0.002600322131903754,0.0025969471437470304,1.074074074074074,0.7333333333333334,0.08333333333333348,0.007337526205450695,-0.20000000000000107,-0.16666666666666785,0.9365154263979185,1.0190510521881673,-2.5999999999999943,111.8,0.0030666666666667175,0.0,-0.011811032211366146,-0.07070006244362725
2018-07-01,8.9,9.0,8.9,22.1,8.2,6.2,5935900.0,2849700.0,3086200.0,775600.0,3644200.0,1516100.0,386100.0,1748600.0,715000.0,389500.0,1895600.0,801100.0,30517667.0,614844.0,96.4,800880.551377,-0.31949999999999995,0.0,2.2666666666666666,0.7999999999999999,13.366666666666667,8.933333333333334,11520.0,107.5,107.1,0.8,-0.00028210120667016003,0.00481781217723265,0.004806243661889198,1.6153846153846154,2.3983050847457625,-0.07692307692307698,0.003121748178980255,-0.1999999999999993,-0.16666666666666607,0.7582425054164171,0.7347696516515417,-1.7000000000000028,109.2,0.005733333333333368,0.0,-0.000792051899953572,-0.1399133940570405
2018-10-01,8.8,8.7,8.9,20.9,8.0,6.3,5930000.0,2840700.0,3089300.0,770100.0,3635700.0,1524200.0,383700.0,1740400.0,716600.0,386400.0,1895300.0,807600.0,30509055.5,619460.0,97.5,775023.76874,-0.3153333333333333,0.0,1.9000000000000001,0.7333333333333334,11.0,8.8,14714.0,104.1,105.3,0.9,-0.0002821808102172474,0.007507595422578728,0.007479553691254637,0.6285714285714286,1.1710526315789473,-0.08333333333333315,0.011410788381742698,-0.09999999999999964,-0.13333333333333286,0.4016966634534143,0.5452487179604586,-3.4000000000000057,107.5,0.004166666666666652,0.0,-0.03228544205817341,0.2772569444444444
2019-01-01,8.8,8.8,8.7,21.1,7.8,6.7,5924500.0,2833500.0,3091000.0,768300.0,3624800.0,1531400.0,382500.0,1731800.0,719200.0,385800.0,1893000.0,812200.0,30500444.0,625191.0,97.5,804438.883945,-0.3085333333333333,0.0,1.2,0.6,3.4,8.733333333333333,14565.0,106.2,108.5,1.0,-0.000282260458702166,0.009251606237690835,0.009209072265813134,-0.12195121951219501,-0.3376623376623378,-0.18181818181818188,0.0,0.0,-0.0666666666666682,0.6219161540776225,0.8821748223001628,2.1000000000000085,104.1,0.006799999999999973,0.0,0.03795382334250452,-0.010126410221557691
2019-04-01,8.4,8.5,8.3,20.4,7.6,6.2,5879500.0,2812400.0,3067100.0,761500.0,3588900.0,1529100.0,379800.0,1714600.0,718000.0,381700.0,1874300.0,811100.0,30447771.75,628634.0,97.4,801511.644597,-0.3171,0.0,1.1333333333333333,0.7000000000000001,3.533333333333333,8.5,12860.0,107.2,108.2,0.9,-0.0017269338767658127,0.005507117025037145,0.005492008301031248,-0.3928571428571428,-0.6293706293706294,0.16666666666666674,-0.0010256410256409554,-0.40000000000000036,-0.2333333333333325,0.7267825781843879,0.8505880000183158,1.0,106.2,-0.008566666666666667,0.0,-0.003638858596248795,-0.11706144867833845
2019-07-01,8.3,8.4,8.3,19.8,7.6,6.3,5814200.0,2781600.0,3032600.0,751300.0,3539200.0,1523700.0,375300.0,1691300.0,715000.0,376000.0,1847900.0,808700.0,30395099.5,628575.0,98.0,797029.664145,-0.3967333333333333,0.0,1.0,0.8333333333333334,0.6,8.299999999999999,10430.0,107.1,107.1,1.0,-0.0017299213365260524,-9.385429359531905e-05,-9.385869818423487e-05,-0.5588235294117647,-0.9551122194513716,0.19047619047619047,0.006160164271047153,-0.09999999999999964,-0.20000000000000107,0.7162959357737104,0.7347696516515417,-0.10000000000000853,107.2,-0.07963333333333333,0.0,-0.005591909340572965,-0.18895800933125972
2019-10-01,8.2,8.3,8.1,21.8,7.2,5.8,5760100.0,2751900.0,3008200.0,736800.0,3502500.0,1520800.0,367800.0,1671900.0,712200.0,369000.0,1830600.0,808600.0,30342427.25,625561.0,98.1,775908.889069,-0.40296666666666664,0.0,1.0999999999999999,1.0,0.1333333333333333,8.2,13290.0,106.7,107.5,0.9,-0.0017329191503386854,-0.004794972755836624,-0.004806505518660131,-0.42105263157894746,-0.9878787878787879,0.19999999999999996,0.0010204081632652073,-0.10000000000000142,-0.09999999999999964,0.6743493661310052,0.7768854146940053,-0.3999999999999915,107.1,-0.006233333333333313,0.0,-0.026499358839619847,0.27420901246404594
2020-01-01,7.9,7.8,8.0,20.8,7.1,5.5,5755600.0,2757100.0,2998500.0,733000.0,3500500.0,1522100.0,367300.0,1676100.0,713700.0,365700.0,1824400.0,808400.0,30289755.0,593861.0,98.8,478750.465813,-0.40553333333333336,0.0,1.2,1.0333333333333332,0.5333333333333333,7.866666666666666,10596.0,93.8,97.6,-0.2,-0.0017359273721254675,-0.050674514555734795,-0.05200356188962907,0.0,-0.8431372549019608,0.033333333333333215,0.007135575942915473,-0.29999999999999893,-0.33333333333333304,-0.6784275048462685,-0.2654797206069543,-12.900000000000006,106.7,-0.002566666666666717,0.0,-0.3829810786322546,-0.20270880361173815
2020-04-01,7.1,7.5,6.8,22.3,6.3,4.3,6107200.0,2968900.0,3138300.0,825500.0,3710700.0,1571000.0,422700.0,1805600.0,740600.0,402800.0,1905100.0,830400.0,30514480.75,521293.0,103.2,586055.920558,-0.3007,0.0,0.3,0.3333333333333333,-9.633333333333333,7.266666666666667,5819.0,84.5,68.4,-0.2,0.007419199990227776,-0.12219694507637313,-0.13033302152942738,-0.7352941176470589,-3.7264150943396226,-0.6774193548387096,0.044534412955465674,-0.8000000000000007,-0.5999999999999996,-1.653685249039186,-3.3399304227067512,-9.299999999999997,93.8,0.10483333333333333,0.0,0.2241365020142112,-0.4508305020762552
2020-07-01,9.0,9.0,8.9,22.4,8.3,6.1,6065900.0,2939500.0,3126400.0,808100.0,3679300.0,1578500.0,414100.0,1782000.0,743400.0,394000.0,1897300.0,835100.0,30739206.5,601294.0,98.5,712567.770446,-0.47173333333333334,0.0,0.3333333333333333,0.7333333333333334,-7.5,8.866666666666667,6830.0,93.8,91.6,0.9,0.007364560840511736,0.15346647662638868,0.1427717359001992,-0.6666666666666667,-13.5,1.2000000000000002,-0.04554263565891481,1.9000000000000004,1.6000000000000005,-0.6784275048462685,-0.8972161662438991,9.299999999999997,84.5,-0.17103333333333332,0.0,0.21586992887563472,0.17374119264478427
2020-10-01,8.1,8.2,8.0,20.5,7.3,5.7,6025100.0,2919500.0,3105600.0,788700.0,3652400.0,1584000.0,403900.0,1769100.0,746500.0,384800.0,1883300.0,837500.0,30963932.25,600809.0,100.1,732140.693695,-0.5227,0.0,0.06666666666666667,0.3,-7.533333333333334,8.1,7972.0,93.3,83.7,0.5,0.007310720593910025,-0.0008065937794157207,-0.0008069192512056844,-0.9393939393939393,-57.50000000000002,-0.5909090909090909,0.01624365482233503,-0.9000000000000004,-0.7666666666666675,-0.7308607168996512,-1.7290024863325424,-0.5,93.8,-0.050966666666666716,0.0,0.027468156799667298,0.16720351390922406
2021-01-01,8.2,8.5,7.9,21.2,7.5,5.5,6026800.0,2918200.0,3108600.0,784200.0,3649400.0,1593200.0,400700.0,1766200.0,751300.0,383500.0,1883200.0,841900.0,31188658.0,603178.0,99.7,753381.036595,-0.5424666666666668,0.0,0.7666666666666666,0.9,-0.8999999999999998,8.166666666666666,7413.0,98.3,90.8,1.0,0.007257661855916142,0.003943016832304469,0.003935263515723264,-0.36111111111111116,-2.6874999999999996,2.0,-0.003996003996003861,0.09999999999999964,0.06666666666666643,-0.2065285963658244,-0.9814476923288248,5.0,93.3,-0.01976666666666671,0.0,0.029011285785527363,-0.07012042147516306
2021-04-01,7.9,8.0,7.9,19.4,7.1,5.9,5975700.0,2889800.0,3085900.0,767900.0,3610100.0,1597700.0,391500.0,1744500.0,753800.0,376400.0,1865600.0,843900.0,31288192.5,610464.0,99.6,780045.718554,-0.5404,0.0,1.3666666666666665,0.9666666666666667,10.466666666666667,8.033333333333333,6662.0,115.3,106.6,1.0,0.003191368477604817,0.012079353026801298,0.01200697987302668,3.5555555555555554,-2.086505190311419,0.07407407407407396,-0.0010030090270812808,-0.29999999999999893,-0.13333333333333286,1.5762006134491866,0.682124947848463,17.0,98.3,0.002066666666666772,0.0,0.03539335431047541,-0.10130851207338465
2021-07-01,7.9,7.8,8.0,18.6,7.1,5.8,5845800.0,2823700.0,3022100.0,733000.0,3527200.0,1585600.0,375000.0,1700600.0,748100.0,358000.0,1826600.0,837500.0,31387727.0,628747.0,98.9,787085.652458,-0.5458,0.0,1.7666666666666666,0.7999999999999999,13.299999999999999,7.8,5434.0,112.1,106.5,0.9,0.003181216044998436,0.02994935000262089,0.02950962627769016,4.3,-2.7733333333333334,-0.1724137931034484,-0.007028112449799062,0.0,-0.2333333333333334,1.2406280563075371,0.6715960070878478,-3.200000000000003,115.3,-0.00539999999999996,0.0,0.009025027298464217,-0.18432903032122483
2021-10-01,7.4,7.5,7.3,16.5,6.7,5.7,5678000.0,2734900.0,2943100.0,694600.0,3420100.0,1563300.0,354800.0,1643400.0,736700.0,339800.0,1776700.0,826600.0,31487261.5,632279.0,100.0,821378.102512,-0.5663999999999999,0.0,2.733333333333333,1.7666666666666666,20.099999999999998,7.466666666666666,8073.0,110.8,110.4,0.9,0.0031711280017185928,0.005617521833106265,0.005601802399365141,39.99999999999999,-3.6681415929203536,1.2083333333333335,0.011122345803842304,-0.5,-0.3333333333333339,1.1043017049687425,1.0822246967518625,-1.2999999999999972,112.1,-0.02059999999999995,0.0,0.04356889233961736,0.4856459330143541
2022-01-01,7.4,7.4,7.4,16.8,6.7,5.5,5533100.0,2655900.0,2877200.0,670000.0,3327400.0,1535700.0,341400.0,1591700.0,722800.0,328600.0,1735700.0,812900.0,31586796.0,631683.0,101.5,810892.001248,-0.529,0.0,3.6666666666666665,2.1666666666666665,23.400000000000002,7.333333333333333,10047.0,107.3,113.7,-0.8,0.003161103737141513,-0.000942621848898928,-0.0009430663962568531,3.782608695652174,-27.000000000000007,0.2264150943396226,0.014999999999999902,0.0,-0.13333333333333286,0.7372692205950637,1.429679741852182,-3.5,110.8,0.03739999999999988,0.0,-0.012766472872761891,0.2445187662578967
2022-04-01,7.4,7.6,7.2,18.1,6.7,5.1,5450300.0,2614900.0,2835400.0,660300.0,3269100.0,1520900.0,336800.0,1562400.0,715700.0,323500.0,1706700.0,805200.0,31646739.0,634404.0,101.3,797159.730233,-0.3576,0.0,5.266666666666667,3.466666666666667,29.133333333333336,7.466666666666666,9977.0,104.9,109.2,-0.2,0.001897723339841173,0.004307540332730175,0.004298289437095093,2.853658536585366,1.78343949044586,0.6000000000000001,-0.0019704433497537144,0.0,0.13333333333333286,0.4855898027388278,0.9558774076244733,-2.3999999999999915,107.3,0.17140000000000005,0.0,-0.016934771823948647,-0.006967253906638771
2022-07-01,7.2,7.4,7.0,17.5,6.4,5.1,5432600.0,2608600.0,2824000.0,664500.0,3256300.0,1511800.0,339900.0,1556900.0,711800.0,324600.0,1699400.0,800000.0,31706682.0,637684.0,102.5,808130.934151,0.4807333333333333,0.75,5.866666666666667,4.533333333333333,23.03333333333333,7.2,9239.0,102.2,108.4,-0.2,0.0018941288073945906,0.005170206997433757,0.005156887367672169,2.3207547169811327,0.731829573934837,0.3076923076923077,0.011846001974333609,-0.20000000000000018,-0.2666666666666657,0.20245045765056105,0.8716458815395476,-2.700000000000003,104.9,0.8383333333333333,0.75,0.01376286771886126,-0.07397013130199459
2022-10-01,7.1,7.3,6.9,16.9,6.4,5.0,5382600.0,2588100.0,2794500.0,661900.0,3225500.0,1495200.0,338600.0,1545100.0,704400.0,323300.0,1680400.0,790800.0,31766625.0,640155.0,104.5,811932.776137,1.7721333333333333,1.9166666666666667,6.1000000000000005,5.233333333333333,17.533333333333335,7.2,11978.0,103.4,110.1,-0.05,0.0018905478662194497,0.0038749600115417504,0.003867471692386104,1.2317073170731714,-0.12769485903814248,0.15441176470588247,0.019512195121951237,-0.10000000000000053,0.0,0.32829016657867977,1.0506378744700142,1.2000000000000028,102.2,1.2914,1.1666666666666667,0.0047044876335466945,0.29646065591514237
2023-01-01,7.1,7.4,6.8,16.6,6.4,5.2,5363400.0,2582700.0,2780700.0,662100.0,3213100.0,1488200.0,339500.0,1541100.0,702100.0,322600.0,1672000.0,786100.0,31826568.0,640657.0,104.9,792290.899137,2.631933333333333,3.0,6.0,5.766666666666667,11.766666666666666,7.099999999999999,14597.0,103.0,109.7,0.07,0.0018869804393761846,0.0007841850801759698,0.0007838777677058317,0.6363636363636365,-0.4971509971509972,0.10191082802547768,0.003827751196172402,0.0,-0.10000000000000142,0.28634359693597305,1.008522111427552,-0.4000000000000057,103.4,0.8597999999999997,1.0833333333333333,-0.024191506461226697,0.21865085990983468
2023-04-01,7.2,7.4,7.1,17.1,6.6,5.1,5348000.0,2580200.0,2767800.0,667100.0,3201900.0,1479000.0,342500.0,1539100.0,698600.0,324600.0,1662800.0,780400.0,31834900.5,646306.0,105.7,785333.957405,3.3564333333333334,3.75,5.166666666666667,5.833333333333333,1.9333333333333333,7.3,13544.0,100.8,106.6,-0.01,0.0002618095674029597,0.008817510774095982,0.008778863541413884,-0.018987341772151778,-0.9336384439359268,0.01156069364161838,0.007626310772163913,0.10000000000000053,0.20000000000000107,0.055637463901088965,0.682124947848463,-2.200000000000003,103.0,0.7245000000000004,0.75,-0.008780792180722807,-0.07213811057066521
2023-07-01,7.4,7.3,7.4,17.4,6.7,5.1,5364800.0,2592700.0,2772100.0,678000.0,3212100.0,1474700.0,348300.0,1546600.0,697800.0,329700.0,1665500.0,776900.0,31843233.0,647666.0,106.5,766213.583688,3.777366666666667,4.25,4.7,5.0,5.0,7.400000000000001,11608.0,99.9,104.1,-0.6,0.0002617410410941101,0.0021042664001262867,0.002102055532544611,-0.19886363636363635,-0.7829232995658466,-0.1428571428571428,0.007568590350047311,0.20000000000000018,0.10000000000000142,-0.03874231779499896,0.4189014288330693,-0.8999999999999915,100.8,0.4209333333333336,0.5,-0.02434680626848218,-0.14294152392203185
2023-10-01,7.5,7.6,7.4,17.6,7.0,5.0,5395100.0,2616000.0,2779100.0,690200.0,3224000.0,1480900.0,355900.0,1557500.0,702600.0,334300.0,1666500.0,778300.0,31851565.5,650556.0,108.1,759033.8559,3.957433333333333,4.5,3.733333333333333,3.6999999999999997,4.666666666666667,7.566666666666666,16525.0,98.9,101.0,-0.7,0.0002616725506483508,0.004462176492204373,0.004452250499413779,-0.38797814207650283,-0.7338403041825095,-0.26,0.015023474178403662,0.09999999999999964,0.1666666666666652,-0.14360874190176431,0.09250426525398173,-1.0,99.9,0.18006666666666593,0.25,-0.009370400030552783,0.4235871812543073
2024-01-01,7.5,7.7,7.3,18.1,6.8,5.1,5392100.0,2619700.0,2772400.0,689100.0,3223900.0,1479100.0,356000.0,1560300.0,703400.0,333100.0,1663600.0,775700.0,31859898.0,651384.0,108.9,754344.981406,3.9236333333333335,4.5,2.8000000000000003,2.6,3.1999999999999997,7.466666666666666,17684.0,100.4,100.9,-0.08,0.0002616040960372601,0.0012727574566986366,0.0012719481875222982,-0.5333333333333332,-0.7280453257790368,-0.29729729729729726,0.007400555041628287,0.0,-0.10000000000000053,0.013690894258383718,0.08197532449336657,1.5,98.9,-0.033799999999999386,0.0,-0.0061774247058324905,0.07013615733736756
2024-04-01,7.3,7.3,7.4,18.0,6.6,5.0,5389800.0,2623000.0,2766800.0,688700.0,3221100.0,1480000.0,356600.0,1561400.0,705000.0,332100.0,1659700.0,775000.0,31859898.0,652635.0,109.7,734538.191115,3.8082,4.416666666666667,2.2333333333333334,1.8,4.766666666666667,7.366666666666667,16434.0,99.6,100.1,-0.03,0.0,0.0019205261412622576,0.0019186842887730648,-0.567741935483871,1.4655172413793105,-0.3076923076923077,0.007346189164370909,-0.20000000000000018,-0.09999999999999876,-0.07020224502702975,-0.002256201591560603,-0.8000000000000114,100.4,-0.11543333333333372,-0.08333333333333304,-0.026256939171362514,-0.0706853653019679
2024-07-01,7.4,7.6,7.1,19.7,6.6,4.7,5412400.0,2637700.0,2774700.0,692700.0,3232500.0,1487200.0,359600.0,1568500.0,709600.0,333100.0,1664000.0,777600.0,31859898.0,655027.0,110.1,726325.294868,3.5553666666666666,4.05,1.7333333333333334,1.5333333333333332,1.8666666666666665,7.400000000000001,13756.0,97.4,98.6,-0.8,0.0,0.0036651420778843757,0.003658441811287716,-0.6312056737588653,-0.6266666666666667,-0.14814814814814825,0.003646308113035568,0.10000000000000053,0.0333333333333341,-0.30090837806191234,-0.1601903130007968,-2.1999999999999886,99.6,-0.25283333333333324,-0.36666666666666714,-0.011181033670329965,-0.1629548497018376
2024-10-01,7.3,7.4,7.1,18.7,6.6,4.7,5491700.0,2678900.0,2812800.0,716800.0,3279000.0,1495900.0,371700.0,1591600.0,715600.0,345100.0,1687400.0,780300.0,31859898.0,654734.0,111.3,713974.330136,2.9964999999999997,3.3166666666666664,1.2666666666666666,1.4000000000000001,-0.5,7.3,18405.0,95.0,96.5,-0.9,0.0,-0.0004473098055499669,-0.0004474098784239544,-0.6607142857142857,-1.1071428571428572,-0.08695652173913027,0.01089918256130784,-0.10000000000000053,-0.10000000000000142,-0.5525877959181498,-0.3812980689737269,-2.4000000000000057,97.4,-0.5588666666666668,-0.7333333333333334,-0.017004728899390198,0.3379616167490549
2025-01-01,7.5,7.5,7.4,19.2,6.8,4.8,5738000.0,2811000.0,2927000.0,866800.0,3357600.0,1513600.0,453800.0,1631700.0,725500.0,413000.0,1725900.0,788100.0,31859898.0,655389.0,112.3,710419.927973,2.5568333333333335,2.9,1.0999999999999999,1.3333333333333333,-3.233333333333333,7.466666666666666,18156.0,96.6,96.4,-0.6,0.0,0.0010004062718600437,0.0009999061989951485,-0.6071428571428572,-2.010416666666667,-0.04761904761904778,0.008984725965857976,0.20000000000000018,0.16666666666666607,-0.3848015173473258,-0.39182700973434204,1.5999999999999943,95.0,-0.4396666666666662,-0.4166666666666665,-0.004978333271902002,-0.013528932355338252
2025-04-01,7.6,7.7,7.4,19.1,6.9,4.8,5612100.0,2749800.0,2862300.0,792800.0,3318200.0,1501100.0,413300.0,1616000.0,720500.0,379500.0,1702200.0,780600.0,31859898.0,657523.0,112.2,709895.580836,2.1077,2.3166666666666664,0.8333333333333334,1.2,-7.5,7.566666666666666,17295.0,96.0,98.3,-0.2,0.0,0.0032560815027411483,0.003250791948401499,-0.6268656716417911,-2.5734265734265733,-0.09999999999999998,-0.0008904719501334757,0.09999999999999964,0.10000000000000053,-0.44772137181138444,-0.19177713528264376,-0.5999999999999943,96.6,-0.4491333333333336,-0.5833333333333335,-0.0007380805582073435,-0.04742233972240584
2025-07-01,7.7,7.7,7.7,19.1,7.1,5.1,5612100.0,2749800.0,2862300.0,792800.0,3318200.0,1501100.0,413300.0,1616000.0,720500.0,379500.0,1702200.0,780600.0,31859898.0,661062.0,112.8,705598.523373,2.0115666666666665,2.15,1.0333333333333334,1.3333333333333333,-5.933333333333334,7.7,14479.0,95.9,93.4,-0.5,0.0,0.005382321226786058,0.0053678883011567535,-0.40384615384615385,-4.178571428571429,0.11111111111111116,0.005347593582887722,0.10000000000000053,0.13333333333333375,-0.45820801422206037,-0.7076952325528145,-0.09999999999999432,96.0,-0.0961333333333334,-0.16666666666666652,-0.006053083832328832,-0.16282162474703676
