Date,Code région,Région,Code département,Département,Type de données,Type d'offre d'emploi,Type d'emploi,Qualification,Nombre d'offres d'emploi
1996-01,Total France,France,Total,Total,Brutes,Offres d'emploi collectées,Total,Total,175700
1996-02,Total France,France,Total,Total,Brutes,Offres d'emploi collectées,Total,Total,172600
1996-03,Total France,France,Total,Total,Brutes,Offres d'emploi collectées,Total,Total,201600
1996-04,Total France,France,Total,Total,Brutes,Offres d'emploi collectées,Total,Total,204100
1996-05,Total France,France,Total,Total,Brutes,Offres d'emploi collectées,Total,Total,201200
1996-06,Total France,France,Total,Total,Brutes,Offres d'emploi collectées,Total,Total,226100
1996-07,Total France,France,Total,Total,Brutes,Offres d'emploi collectées,Total,Total,217700
1996-08,Total France,France,Total,Total,Brutes,Offres d'emploi collectées,Total,Total,180600
1996-09,Total France,France,Total,Total,Brutes,Offres d'emploi collectées,Total,Total,225300
1996-10,Total France,France,Total,Total,Brutes,Offres d'emploi collectées,Total,Total,206000
1996-11,Total France,France,Total,Total,Brutes,Offres d'emploi collectées,Total,Total,161600
1996-12,Total France,France,Total,Total,Brutes,Offres d'emploi collectées,Total,Total,152200
1997-01,Total France,France,Total,Total,Brutes,Offres d'emploi collectées,Total,Total,189500
1997-02,Total France,France,Total,Total,Brutes,Offres d'emploi collectées,Total,Total,180100
1997-03,Total France,France,Total,Total,Brutes,Offres d'emploi collectées,Total,Total,215700
1997-04,Total France,France,Total,Total,Brutes,Offres d'emploi collectées,Total,Total,234300
1997-05,Total France,France,Total,Total,Brutes,Offres d'emploi collectées,Total,Total,220500
1997-06,Total France,France,Total,Total,Brutes,Offres d'emploi collectées,Total,Total,252600
1997-07,Total France,France,Total,Total,Brutes,Offres d'emploi collectées,Total,Total,236700
1997-08,Total France,France,Total,Total,Brutes,Offres d'emploi collectées,Total,Total,196500
1997-09,Total France,France,Total,Total,Brutes,Offres d'emploi collectées,Total,Total,259100
1997-10,Total France,France,Total,Total,Brutes,Offres d'emploi collectées,Total,Total,229500
1997-11,Total France,France,Total,Total,Brutes,Offres d'emploi collectées,Total,Total,181800
1997-12,Total France,France,Total,Total,Brutes,Offres d'emploi collectées,Total,Total,176500
1998-01,Total France,France,Total,Total,Brutes,Offres d'emploi collectées,Total,Total,219000
1998-02,Total France,France,Total,Total,Brutes,Offres d'emploi collectées,Total,Total,215800
1998-03,Total France,France,Total,Total,Brutes,Offres d'emploi collectées,Total,Total,251800
1998-04,Total France,France,Total,Total,Brutes,Offres d'emploi collectées,Total,Total,244300
1998-05,Total France,France,Total,Total,Brutes,Offres d'emploi collectées,Total,Total,241500
1998-06,Total France,France,Total,Total,Brutes,Offres d'emploi collectées,Total,Total,281800
1998-07,Total France,France,Total,Total,Brutes,Offres d'emploi collectées,Total,Total,243000
1998-08,Total France,France,Total,Total,Brutes,Offres d'emploi collectées,Total,Total,213800
1998-09,Total France,France,Total,Total,Brutes,Offres d'emploi collectées,Total,Total,273900
1998-10,Total France,France,Total,Total,Brutes,Offres d'emploi collectées,Total,Total,225700
1998-11,Total France,France,Total,Total,Brutes,Offres d'emploi collectées,Total,Total,190800
1998-12,Total France,France,Total,Total,Brutes,Offres d'emploi collectées,Total,Total,172700
1999-01,Total France,France,Total,Total,Brutes,Offres d'emploi collectées,Total,Total,234100
1999-02,Total France,France,Total,Total,Brutes,Offres d'emploi collectées,Total,Total,214700
1999-03,Total France,France,Total,Total,Brutes,Offres d'emploi collectées,Total,Total,273100
1999-04,Total France,France,Total,Total,Brutes,Offres d'emploi collectées,Total,Total,249200
1999-05,Total France,France,Total,Total,Brutes,Offres d'emploi collectées,Total,Total,257000
1999-06,Total France,France,Total,Total,Brutes,Offres d'emploi collectées,Total,Total,316300
1999-07,Total France,France,Total,Total,Brutes,Offres d'emploi collectées,Total,Total,260900
1999-08,Total France,France,Total,Total,Brutes,Offres d'emploi collectées,Total,Total,245400
1999-09,Total France,France,Total,Total,Brutes,Offres d'emploi collectées,Total,Total,303800
1999-10,Total France,France,Total,Total,Brutes,Offres d'emploi collectées,Total,Total,252100
1999-11,Total France,France,Total,Total,Brutes,Offres d'emploi collectées,Total,Total,222800
1999-12,Total France,France,Total,Total,Brutes,Offres d'emploi collectées,Total,Total,191500
2000-01,Total France,France,Total,Total,Brutes,Offres d'emploi collectées,Total,Total,265900
2000-02,Total France,France,Total,Total,Brutes,Offres d'emploi collectées,Total,Total,258400
2000-03,Total France,France,Total,Total,Brutes,Offres d'emploi collectées,Total,Total,307600
2000-04,Total France,France,Total,Total,Brutes,Offres d'emploi collectées,Total,Total,257300
2000-05,Total France,France,Total,Total,Brutes,Offres d'emploi collectées,Total,Total,318000
2000-06,Total France,France,Total,Total,Brutes,Offres d'emploi collectées,Total,Total,300000
2000-07,Total France,France,Total,Total,Brutes,Offres d'emploi collectées,Total,Total,261400
2000-08,Total France,France,Total,Total,Brutes,Offres d'emploi collectées,Total,Total,260400
2000-09,Total France,France,Total,Total,Brutes,Offres d'emploi collectées,Total,Total,300900
2000-10,Total France,France,Total,Total,Brutes,Offres d'emploi collectées,Total,Total,271700
2000-11,Total France,France,Total,Total,Brutes,Offres d'emploi collectées,Total,Total,233700
2000-12,Total France,France,Total,Total,Brutes,Offres d'emploi collectées,Total,Total,186200
2001-01,Total France,France,Total,Total,Brutes,Offres d'emploi collectées,Total,Total,268500
2001-02,Total France,France,Total,Total,Brutes,Offres d'emploi collectées,Total,Total,247100
2001-03,Total France,France,Total,Total,Brutes,Offres d'emploi collectées,Total,Total,289400
2001-04,Total France,France,Total,Total,Brutes,Offres d'emploi collectées,Total,Total,249900
2001-05,Total France,France,Total,Total,Brutes,Offres d'emploi collectées,Total,Total,285000
2001-06,Total France,France,Total,Total,Brutes,Offres d'emploi collectées,Total,Total,287300
2001-07,Total France,France,Total,Total,Brutes,Offres d'emploi collectées,Total,Total,272500
2001-08,Total France,France,Total,Total,Brutes,Offres d'emploi collectées,Total,Total,242400
2001-09,Total France,France,Total,Total,Brutes,Offres d'emploi collectées,Total,Total,269900
2001-10,Total France,France,Total,Total,Brutes,Offres d'emploi collectées,Total,Total,271900
2001-11,Total France,France,Total,Total,Brutes,Offres d'emploi collectées,Total,Total,225000
2001-12,Total France,France,Total,Total,Brutes,Offres d'emploi collectées,Total,Total,185300
2002-01,Total France,France,Total,Total,Brutes,Offres d'emploi collectées,Total,Total,242600
2002-02,Total France,France,Total,Total,Brutes,Offres d'emploi collectées,Total,Total,234600
2002-03,Total France,France,Total,Total,Brutes,Offres d'emploi collectées,Total,Total,283500
2002-04,Total France,France,Total,Total,Brutes,Offres d'emploi collectées,Total,Total,280600
2002-05,Total France,France,Total,Total,Brutes,Offres d'emploi collectées,Total,Total,266200
2002-06,Total France,France,Total,Total,Brutes,Offres d'emploi collectées,Total,Total,280800
2002-07,Total France,France,Total,Total,Brutes,Offres d'emploi collectées,Total,Total,284400
2002-08,Total France,France,Total,Total,Brutes,Offres d'emploi collectées,Total,Total,220200
2002-09,Total France,France,Total,Total,Brutes,Offres d'emploi collectées,Total,Total,282200
2002-10,Total France,France,Total,Total,Brutes,Offres d'emploi collectées,Total,Total,255800
2002-11,Total France,France,Total,Total,Brutes,Offres d'emploi collectées,Total,Total,200400
2002-12,Total France,France,Total,Total,Brutes,Offres d'emploi collectées,Total,Total,186500
2003-01,Total France,France,Total,Total,Brutes,Offres d'emploi collectées,Total,Total,237900
2003-02,Total France,France,Total,Total,Brutes,Offres d'emploi collectées,Total,Total,230900
2003-03,Total France,France,Total,Total,Brutes,Offres d'emploi collectées,Total,Total,275500
2003-04,Total France,France,Total,Total,Brutes,Offres d'emploi collectées,Total,Total,256200
2003-05,Total France,France,Total,Total,Brutes,Offres d'emploi collectées,Total,Total,242400
2003-06,Total France,France,Total,Total,Brutes,Offres d'emploi collectées,Total,Total,292300
2003-07,Total France,France,Total,Total,Brutes,Offres d'emploi collectées,Total,Total,286200
2003-08,Total France,France,Total,Total,Brutes,Offres d'emploi collectées,Total,Total,216000
2003-09,Total France,France,Total,Total,Brutes,Offres d'emploi collectées,Total,Total,280000
2003-10,Total France,France,Total,Total,Brutes,Offres d'emploi collectées,Total,Total,256900
2003-11,Total France,France,Total,Total,Brutes,Offres d'emploi collectées,Total,Total,199000
2003-12,Total France,France,Total,Total,Brutes,Offres d'emploi collectées,Total,Total,199300
2004-01,Total France,France,Total,Total,Brutes,Offres d'emploi collectées,Total,Total,238300
2004-02,Total France,France,Total,Total,Brutes,Offres d'emploi collectées,Total,Total,242600
2004-03,Total France,France,Total,Total,Brutes,Offres d'emploi collectées,Total,Total,301700
2004-04,Total France,France,Total,Total,Brutes,Offres d'emploi collectées,Total,Total,273300
2004-05,Total France,France,Total,Total,Brutes,Offres d'emploi collectées,Total,Total,266700
2004-06,Total France,France,Total,Total,Brutes,Offres d'emploi collectées,Total,Total,322200
2004-07,Total France,France,Total,Total,Brutes,Offres d'emploi collectées,Total,Total,273300
2004-08,Total France,France,Total,Total,Brutes,Offres d'emploi collectées,Total,Total,240600
2004-09,Total France,France,Total,Total,Brutes,Offres d'emploi collectées,Total,Total,289800
2004-10,Total France,France,Total,Total,Brutes,Offres d'emploi collectées,Total,Total,250700
2004-11,Total France,France,Total,Total,Brutes,Offres d'emploi collectées,Total,Total,234700
2004-12,Total France,France,Total,Total,Brutes,Offres d'emploi collectées,Total,Total,208400
2005-01,Total France,France,Total,Total,Brutes,Offres d'emploi collectées,Total,Total,252700
2005-02,Total France,France,Total,Total,Brutes,Offres d'emploi collectées,Total,Total,250600
2005-03,Total France,France,Total,Total,Brutes,Offres d'emploi collectées,Total,Total,316300
2005-04,Total France,France,Total,Total,Brutes,Offres d'emploi collectées,Total,Total,288900
2005-05,Total France,France,Total,Total,Brutes,Offres d'emploi collectées,Total,Total,298500
2005-06,Total France,France,Total,Total,Brutes,Offres d'emploi collectées,Total,Total,331900
2005-07,Total France,France,Total,Total,Brutes,Offres d'emploi collectées,Total,Total,281300
2005-08,Total France,France,Total,Total,Brutes,Offres d'emploi collectées,Total,Total,264800
2005-09,Total France,France,Total,Total,Brutes,Offres d'emploi collectées,Total,Total,326400
2005-10,Total France,France,Total,Total,Brutes,Offres d'emploi collectées,Total,Total,280100
2005-11,Total France,France,Total,Total,Brutes,Offres d'emploi collectées,Total,Total,266500
2005-12,Total France,France,Total,Total,Brutes,Offres d'emploi collectées,Total,Total,235800
2006-01,Total France,France,Total,Total,Brutes,Offres d'emploi collectées,Total,Total,278300
2006-02,Total France,France,Total,Total,Brutes,Offres d'emploi collectées,Total,Total,257900
2006-03,Total France,France,Total,Total,Brutes,Offres d'emploi collectées,Total,Total,338200
2006-04,Total France,France,Total,Total,Brutes,Offres d'emploi collectées,Total,Total,272900
2006-05,Total France,France,Total,Total,Brutes,Offres d'emploi collectées,Total,Total,307100
2006-06,Total France,France,Total,Total,Brutes,Offres d'emploi collectées,Total,Total,350200
2006-07,Total France,France,Total,Total,Brutes,Offres d'emploi collectées,Total,Total,291600
2006-08,Total France,France,Total,Total,Brutes,Offres d'emploi collectées,Total,Total,266200
2006-09,Total France,France,Total,Total,Brutes,Offres d'emploi collectées,Total,Total,327100
2006-10,Total France,France,Total,Total,Brutes,Offres d'emploi collectées,Total,Total,298500
2006-11,Total France,France,Total,Total,Brutes,Offres d'emploi collectées,Total,Total,269500
2006-12,Total France,France,Total,Total,Brutes,Offres d'emploi collectées,Total,Total,222300
2007-01,Total France,France,Total,Total,Brutes,Offres d'emploi collectées,Total,Total,290800
2007-02,Total France,France,Total,Total,Brutes,Offres d'emploi collectées,Total,Total,292200
2007-03,Total France,France,Total,Total,Brutes,Offres d'emploi collectées,Total,Total,336600
2007-04,Total France,France,Total,Total,Brutes,Offres d'emploi collectées,Total,Total,307700
2007-05,Total France,France,Total,Total,Brutes,Offres d'emploi collectées,Total,Total,316600
2007-06,Total France,France,Total,Total,Brutes,Offres d'emploi collectées,Total,Total,363600
2007-07,Total France,France,Total,Total,Brutes,Offres d'emploi collectées,Total,Total,341400
2007-08,Total France,France,Total,Total,Brutes,Offres d'emploi collectées,Total,Total,278000
2007-09,Total France,France,Total,Total,Brutes,Offres d'emploi collectées,Total,Total,328500
2007-10,Total France,France,Total,Total,Brutes,Offres d'emploi collectées,Total,Total,343600
2007-11,Total France,France,Total,Total,Brutes,Offres d'emploi collectées,Total,Total,275200
2007-12,Total France,France,Total,Total,Brutes,Offres d'emploi collectées,Total,Total,234500
2008-01,Total France,France,Total,Total,Brutes,Offres d'emploi collectées,Total,Total,306000
2008-02,Total France,France,Total,Total,Brutes,Offres d'emploi collectées,Total,Total,302300
2008-03,Total France,France,Total,Total,Brutes,Offres d'emploi collectées,Total,Total,314500
2008-04,Total France,France,Total,Total,Brutes,Offres d'emploi collectées,Total,Total,339100
2008-05,Total France,France,Total,Total,Brutes,Offres d'emploi collectées,Total,Total,304900
2008-06,Total France,France,Total,Total,Brutes,Offres d'emploi collectées,Total,Total,350400
2008-07,Total France,France,Total,Total,Brutes,Offres d'emploi collectées,Total,Total,340000
2008-08,Total France,France,Total,Total,Brutes,Offres d'emploi collectées,Total,Total,245100
2008-09,Total France,France,Total,Total,Brutes,Offres d'emploi collectées,Total,Total,357500
2008-10,Total France,France,Total,Total,Brutes,Offres d'emploi collectées,Total,Total,306900
2008-11,Total France,France,Total,Total,Brutes,Offres d'emploi collectées,Total,Total,214700
2008-12,Total France,France,Total,Total,Brutes,Offres d'emploi collectées,Total,Total,210900
2009-01,Total France,France,Total,Total,Brutes,Offres d'emploi collectées,Total,Total,206500
2009-02,Total France,France,Total,Total,Brutes,Offres d'emploi collectées,Total,Total,205900
2009-03,Total France,France,Total,Total,Brutes,Offres d'emploi collectées,Total,Total,261800
2009-04,Total France,France,Total,Total,Brutes,Offres d'emploi collectées,Total,Total,242200
2009-05,Total France,France,Total,Total,Brutes,Offres d'emploi collectées,Total,Total,227700
2009-06,Total France,France,Total,Total,Brutes,Offres d'emploi collectées,Total,Total,298800
2009-07,Total France,France,Total,Total,Brutes,Offres d'emploi collectées,Total,Total,277100
2009-08,Total France,France,Total,Total,Brutes,Offres d'emploi collectées,Total,Total,215800
2009-09,Total France,France,Total,Total,Brutes,Offres d'emploi collectées,Total,Total,304500
2009-10,Total France,France,Total,Total,Brutes,Offres d'emploi collectées,Total,Total,273100
2009-11,Total France,France,Total,Total,Brutes,Offres d'emploi collectées,Total,Total,231000
2009-12,Total France,France,Total,Total,Brutes,Offres d'emploi collectées,Total,Total,207000
2010-01,Total France,France,Total,Total,Brutes,Offres d'emploi collectées,Total,Total,230800
2010-02,Total France,France,Total,Total,Brutes,Offres d'emploi collectées,Total,Total,242300
2010-03,Total France,France,Total,Total,Brutes,Offres d'emploi collectées,Total,Total,316200
2010-04,Total France,France,Total,Total,Brutes,Offres d'emploi collectées,Total,Total,282100
2010-05,Total France,France,Total,Total,Brutes,Offres d'emploi collectées,Total,Total,268200
2010-06,Total France,France,Total,Total,Brutes,Offres d'emploi collectées,Total,Total,331300
2010-07,Total France,France,Total,Total,Brutes,Offres d'emploi collectées,Total,Total,295500
2010-08,Total France,France,Total,Total,Brutes,Offres d'emploi collectées,Total,Total,247400
2010-09,Total France,France,Total,Total,Brutes,Offres d'emploi collectées,Total,Total,318700
2010-10,Total France,France,Total,Total,Brutes,Offres d'emploi collectées,Total,Total,281700
2010-11,Total France,France,Total,Total,Brutes,Offres d'emploi collectées,Total,Total,232700
2010-12,Total France,France,Total,Total,Brutes,Offres d'emploi collectées,Total,Total,216100
2011-01,Total France,France,Total,Total,Brutes,Offres d'emploi collectées,Total,Total,256400
2011-02,Total France,France,Total,Total,Brutes,Offres d'emploi collectées,Total,Total,269700
2011-03,Total France,France,Total,Total,Brutes,Offres d'emploi collectées,Total,Total,326900
2011-04,Total France,France,Total,Total,Brutes,Offres d'emploi collectées,Total,Total,281700
2011-05,Total France,France,Total,Total,Brutes,Offres d'emploi collectées,Total,Total,326900
2011-06,Total France,France,Total,Total,Brutes,Offres d'emploi collectées,Total,Total,305200
2011-07,Total France,France,Total,Total,Brutes,Offres d'emploi collectées,Total,Total,296200
2011-08,Total France,France,Total,Total,Brutes,Offres d'emploi collectées,Total,Total,277500
2011-09,Total France,France,Total,Total,Brutes,Offres d'emploi collectées,Total,Total,332300
2011-10,Total France,France,Total,Total,Brutes,Offres d'emploi collectées,Total,Total,282000
2011-11,Total France,France,Total,Total,Brutes,Offres d'emploi collectées,Total,Total,259400
2011-12,Total France,France,Total,Total,Brutes,Offres d'emploi collectées,Total,Total,219700
2012-01,Total France,France,Total,Total,Brutes,Offres d'emploi collectées,Total,Total,257400
2012-02,Total France,France,Total,Total,Brutes,Offres d'emploi collectées,Total,Total,252000
2012-03,Total France,France,Total,Total,Brutes,Offres d'emploi collectées,Total,Total,295200
2012-04,Total France,France,Total,Total,Brutes,Offres d'emploi collectées,Total,Total,251300
2012-05,Total France,France,Total,Total,Brutes,Offres d'emploi collectées,Total,Total,258400
2012-06,Total France,France,Total,Total,Brutes,Offres d'emploi collectées,Total,Total,309800
2012-07,Total France,France,Total,Total,Brutes,Offres d'emploi collectées,Total,Total,277000
2012-08,Total France,France,Total,Total,Brutes,Offres d'emploi collectées,Total,Total,223500
2012-09,Total France,France,Total,Total,Brutes,Offres d'emploi collectées,Total,Total,252400
2012-10,Total France,France,Total,Total,Brutes,Offres d'emploi collectées,Total,Total,275200
2012-11,Total France,France,Total,Total,Brutes,Offres d'emploi collectées,Total,Total,208400
2012-12,Total France,France,Total,Total,Brutes,Offres d'emploi collectées,Total,Total,168000
2013-01,Total France,France,Total,Total,Brutes,Offres d'emploi collectées,Total,Total,217500
2013-02,Total France,France,Total,Total,Brutes,Offres d'emploi collectées,Total,Total,210200
2013-03,Total France,France,Total,Total,Brutes,Offres d'emploi collectées,Total,Total,233200
2013-04,Total France,France,Total,Total,Brutes,Offres d'emploi collectées,Total,Total,240300
2013-05,Total France,France,Total,Total,Brutes,Offres d'emploi collectées,Total,Total,212900
2013-06,Total France,France,Total,Total,Brutes,Offres d'emploi collectées,Total,Total,233200
2013-07,Total France,France,Total,Total,Brutes,Offres d'emploi collectées,Total,Total,248400
2013-08,Total France,France,Total,Total,Brutes,Offres d'emploi collectées,Total,Total,190800
2013-09,Total France,France,Total,Total,Brutes,Offres d'emploi collectées,Total,Total,253500
2013-10,Total France,France,Total,Total,Brutes,Offres d'emploi collectées,Total,Total,254600
2013-11,Total France,France,Total,Total,Brutes,Offres d'emploi collectées,Total,Total,196200
2013-12,Total France,France,Total,Total,Brutes,Offres d'emploi collectées,Total,Total,176800
2014-01,Total France,France,Total,Total,Brutes,Offres d'emploi collectées,Total,Total,201100
2014-02,Total France,France,Total,Total,Brutes,Offres d'emploi collectées,Total,Total,202300
2014-03,Total France,France,Total,Total,Brutes,Offres d'emploi collectées,Total,Total,232100
2014-04,Total France,France,Total,Total,Brutes,Offres d'emploi collectées,Total,Total,235800
2014-05,Total France,France,Total,Total,Brutes,Offres d'emploi collectées,Total,Total,198700
2014-06,Total France,France,Total,Total,Brutes,Offres d'emploi collectées,Total,Total,239900
2014-07,Total France,France,Total,Total,Brutes,Offres d'emploi collectées,Total,Total,238400
2014-08,Total France,France,Total,Total,Brutes,Offres d'emploi collectées,Total,Total,187500
2014-09,Total France,France,Total,Total,Brutes,Offres d'emploi collectées,Total,Total,256000
2014-10,Total France,France,Total,Total,Brutes,Offres d'emploi collectées,Total,Total,232600
2014-11,Total France,France,Total,Total,Brutes,Offres d'emploi collectées,Total,Total,174400
2014-12,Total France,France,Total,Total,Brutes,Offres d'emploi collectées,Total,Total,166300
2015-01,Total France,France,Total,Total,Brutes,Offres d'emploi collectées,Total,Total,199400
2015-02,Total France,France,Total,Total,Brutes,Offres d'emploi collectées,Total,Total,196900
2015-03,Total France,France,Total,Total,Brutes,Offres d'emploi collectées,Total,Total,242000
2015-04,Total France,France,Total,Total,Brutes,Offres d'emploi collectées,Total,Total,228400
2015-05,Total France,France,Total,Total,Brutes,Offres d'emploi collectées,Total,Total,197900
2015-06,Total France,France,Total,Total,Brutes,Offres d'emploi collectées,Total,Total,269400
2015-07,Total France,France,Total,Total,Brutes,Offres d'emploi collectées,Total,Total,248500
2015-08,Total France,France,Total,Total,Brutes,Offres d'emploi collectées,Total,Total,205300
2015-09,Total France,France,Total,Total,Brutes,Offres d'emploi collectées,Total,Total,278900
2015-10,Total France,France,Total,Total,Brutes,Offres d'emploi collectées,Total,Total,249200
2015-11,Total France,France,Total,Total,Brutes,Offres d'emploi collectées,Total,Total,215800
2015-12,Total France,France,Total,Total,Brutes,Offres d'emploi collectées,Total,Total,186500
2016-01,Total France,France,Total,Total,Brutes,Offres d'emploi collectées,Total,Total,213700
2016-02,Total France,France,Total,Total,Brutes,Offres d'emploi collectées,Total,Total,225700
2016-03,Total France,France,Total,Total,Brutes,Offres d'emploi collectées,Total,Total,262500
2016-04,Total France,France,Total,Total,Brutes,Offres d'emploi collectées,Total,Total,254500
2016-05,Total France,France,Total,Total,Brutes,Offres d'emploi collectées,Total,Total,239500
2016-06,Total France,France,Total,Total,Brutes,Offres d'emploi collectées,Total,Total,267800
2016-07,Total France,France,Total,Total,Brutes,Offres d'emploi collectées,Total,Total,224100
2016-08,Total France,France,Total,Total,Brutes,Offres d'emploi collectées,Total,Total,220000
2016-09,Total France,France,Total,Total,Brutes,Offres d'emploi collectées,Total,Total,284100
2016-10,Total France,France,Total,Total,Brutes,Offres d'emploi collectées,Total,Total,248600
2016-11,Total France,France,Total,Total,Brutes,Offres d'emploi collectées,Total,Total,245500
2016-12,Total France,France,Total,Total,Brutes,Offres d'emploi collectées,Total,Total,215600
2017-01,Total France,France,Total,Total,Brutes,Offres d'emploi collectées,Total,Total,263800
2017-02,Total France,France,Total,Total,Brutes,Offres d'emploi collectées,Total,Total,248300
2017-03,Total France,France,Total,Total,Brutes,Offres d'emploi collectées,Total,Total,322200
2017-04,Total France,France,Total,Total,Brutes,Offres d'emploi collectées,Total,Total,266400
2017-05,Total France,France,Total,Total,Brutes,Offres d'emploi collectées,Total,Total,307700
2017-06,Total France,France,Total,Total,Brutes,Offres d'emploi collectées,Total,Total,330800
2017-07,Total France,France,Total,Total,Brutes,Offres d'emploi collectées,Total,Total,287000
2017-08,Total France,France,Total,Total,Brutes,Offres d'emploi collectées,Total,Total,269000
2017-09,Total France,France,Total,Total,Brutes,Offres d'emploi collectées,Total,Total,316700
2017-10,Total France,France,Total,Total,Brutes,Offres d'emploi collectées,Total,Total,296300
2017-11,Total France,France,Total,Total,Brutes,Offres d'emploi collectées,Total,Total,269900
2017-12,Total France,France,Total,Total,Brutes,Offres d'emploi collectées,Total,Total,217100
2018-01,Total France,France,Total,Total,Brutes,Offres d'emploi collectées,Total,Total,292500
2018-02,Total France,France,Total,Total,Brutes,Offres d'emploi collectées,Total,Total,271700
2018-03,Total France,France,Total,Total,Brutes,Offres d'emploi collectées,Total,Total,313200
2018-04,Total France,France,Total,Total,Brutes,Offres d'emploi collectées,Total,Total,292900
2018-05,Total France,France,Total,Total,Brutes,Offres d'emploi collectées,Total,Total,295600
2018-06,Total France,France,Total,Total,Brutes,Offres d'emploi collectées,Total,Total,316000
2018-07,Total France,France,Total,Total,Brutes,Offres d'emploi collectées,Total,Total,304000
2018-08,Total France,France,Total,Total,Brutes,Offres d'emploi collectées,Total,Total,264800
2018-09,Total France,France,Total,Total,Brutes,Offres d'emploi collectées,Total,Total,289200
2018-10,Total France,France,Total,Total,Brutes,Offres d'emploi collectées,Total,Total,285400
2018-11,Total France,France,Total,Total,Brutes,Offres d'emploi collectées,Total,Total,242900
2018-12,Total France,France,Total,Total,Brutes,Offres d'emploi collectées,Total,Total,202500
2019-01,Total France,France,Total,Total,Brutes,Offres d'emploi collectées,Total,Total,276100
2019-02,Total France,France,Total,Total,Brutes,Offres d'emploi collectées,Total,Total,259900
2019-03,Total France,France,Total,Total,Brutes,Offres d'emploi collectées,Total,Total,293900
2019-04,Total France,France,Total,Total,Brutes,Offres d'emploi collectées,Total,Total,297100
2019-05,Total France,France,Total,Total,Brutes,Offres d'emploi collectées,Total,Total,290500
2019-06,Total France,France,Total,Total,Brutes,Offres d'emploi collectées,Total,Total,272600
2019-07,Total France,France,Total,Total,Brutes,Offres d'emploi collectées,Total,Total,322700
2019-08,Total France,France,Total,Total,Brutes,Offres d'emploi collectées,Total,Total,238500
2019-09,Total France,France,Total,Total,Brutes,Offres d'emploi collectées,Total,Total,299800
2019-10,Total France,France,Total,Total,Brutes,Offres d'emploi collectées,Total,Total,282600
2019-11,Total France,France,Total,Total,Brutes,Offres d'emploi collectées,Total,Total,238900
2019-12,Total France,France,Total,Total,Brutes,Offres d'emploi collectées,Total,Total,212800
2020-01,Total France,France,Total,Total,Brutes,Offres d'emploi collectées,Total,Total,269700
2020-02,Total France,France,Total,Total,Brutes,Offres d'emploi collectées,Total,Total,247800
2020-03,Total France,France,Total,Total,Brutes,Offres d'emploi collectées,Total,Total,162500
2020-04,Total France,France,Total,Total,Brutes,Offres d'emploi collectées,Total,Total,79800
2020-05,Total France,France,Total,Total,Brutes,Offres d'emploi collectées,Total,Total,121300
2020-06,Total France,France,Total,Total,Brutes,Offres d'emploi collectées,Total,Total,212100
2020-07,Total France,France,Total,Total,Brutes,Offres d'emploi collectées,Total,Total,209400
2020-08,Total France,France,Total,Total,Brutes,Offres d'emploi collectées,Total,Total,183100
2020-09,Total France,France,Total,Total,Brutes,Offres d'emploi collectées,Total,Total,253800
2020-10,Total France,France,Total,Total,Brutes,Offres d'emploi collectées,Total,Total,210100
2020-11,Total France,France,Total,Total,Brutes,Offres d'emploi collectées,Total,Total,173200
2020-12,Total France,France,Total,Total,Brutes,Offres d'emploi collectées,Total,Total,174600
2021-01,Total France,France,Total,Total,Brutes,Offres d'emploi collectées,Total,Total,199800
2021-02,Total France,France,Total,Total,Brutes,Offres d'emploi collectées,Total,Total,199900
2021-03,Total France,France,Total,Total,Brutes,Offres d'emploi collectées,Total,Total,268800
2021-04,Total France,France,Total,Total,Brutes,Offres d'emploi collectées,Total,Total,253400
2021-05,Total France,France,Total,Total,Brutes,Offres d'emploi collectées,Total,Total,277500
2021-06,Total France,France,Total,Total,Brutes,Offres d'emploi collectées,Total,Total,335200
2021-07,Total France,France,Total,Total,Brutes,Offres d'emploi collectées,Total,Total,285400
2021-08,Total France,France,Total,Total,Brutes,Offres d'emploi collectées,Total,Total,276800
2021-09,Total France,France,Total,Total,Brutes,Offres d'emploi collectées,Total,Total,346500
2021-10,Total France,France,Total,Total,Brutes,Offres d'emploi collectées,Total,Total,318900
2021-11,Total France,France,Total,Total,Brutes,Offres d'emploi collectées,Total,Total,301200
2021-12,Total France,France,Total,Total,Brutes,Offres d'emploi collectées,Total,Total,273400
2022-01,Total France,France,Total,Total,Brutes,Offres d'emploi collectées,Total,Total,331400
2022-02,Total France,France,Total,Total,Brutes,Offres d'emploi collectées,Total,Total,313300
2022-03,Total France,France,Total,Total,Brutes,Offres d'emploi collectées,Total,Total,396400
2022-04,Total France,France,Total,Total,Brutes,Offres d'emploi collectées,Total,Total,339100
2022-05,Total France,France,Total,Total,Brutes,Offres d'emploi collectées,Total,Total,363400
2022-06,Total France,France,Total,Total,Brutes,Offres d'emploi collectées,Total,Total,366600
2022-07,Total France,France,Total,Total,Brutes,Offres d'emploi collectées,Total,Total,337700
2022-08,Total France,France,Total,Total,Brutes,Offres d'emploi collectées,Total,Total,322500
2022-09,Total France,France,Total,Total,Brutes,Offres d'emploi collectées,Total,Total,365900
2022-10,Total France,France,Total,Total,Brutes,Offres d'emploi collectées,Total,Total,321700
2022-11,Total France,France,Total,Total,Brutes,Offres d'emploi collectées,Total,Total,318700
2022-12,Total France,France,Total,Total,Brutes,Offres d'emploi collectées,Total,Total,278700
2023-01,Total France,France,Total,Total,Brutes,Offres d'emploi collectées,Total,Total,346400
2023-02,Total France,France,Total,Total,Brutes,Offres d'emploi collectées,Total,Total,322000
2023-03,Total France,France,Total,Total,Brutes,Offres d'emploi collectées,Total,Total,398600
2023-04,Total France,France,Total,Total,Brutes,Offres d'emploi collectées,Total,Total,317100
2023-05,Total France,France,Total,Total,Brutes,Offres d'emploi collectées,Total,Total,355800
2023-06,Total France,France,Total,Total,Brutes,Offres d'emploi collectées,Total,Total,375900
2023-07,Total France,France,Total,Total,Brutes,Offres d'emploi collectées,Total,Total,344600
2023-08,Total France,France,Total,Total,Brutes,Offres d'emploi collectées,Total,Total,320000
2023-09,Total France,France,Total,Total,Brutes,Offres d'emploi collectées,Total,Total,363900
2023-10,Total France,France,Total,Total,Brutes,Offres d'emploi collectées,Total,Total,331200
2023-11,Total France,France,Total,Total,Brutes,Offres d'emploi collectées,Total,Total,288600
2023-12,Total France,France,Total,Total,Brutes,Offres d'emploi collectées,Total,Total,254400
2024-01,Total France,France,Total,Total,Brutes,Offres d'emploi collectées,Total,Total,323000
2024-02,Total France,France,Total,Total,Brutes,Offres d'emploi collectées,Total,Total,336000
2024-03,Total France,France,Total,Total,Brutes,Offres d'emploi collectées,Total,Total,327000
2024-04,Total France,France,Total,Total,Brutes,Offres d'emploi collectées,Total,Total,328600
2024-05,Total France,France,Total,Total,Brutes,Offres d'emploi collectées,Total,Total,305000
2024-06,Total France,France,Total,Total,Brutes,Offres d'emploi collectées,Total,Total,309900
2024-07,Total France,France,Total,Total,Brutes,Offres d'emploi collectées,Total,Total,342700
2024-08,Total France,France,Total,Total,Brutes,Offres d'emploi collectées,Total,Total,286200
2024-09,Total France,France,Total,Total,Brutes,Offres d'emploi collectées,Total,Total,315600
2024-10,Total France,France,Total,Total,Brutes,Offres d'emploi collectées,Total,Total,316700
2024-11,Total France,France,Total,Total,Brutes,Offres d'emploi collectées,Total,Total,251300
2024-12,Total France,France,Total,Total,Brutes,Offres d'emploi collectées,Total,Total,221700
2025-01,Total France,France,Total,Total,Brutes,Offres d'emploi collectées,Total,Total,280100
2025-02,Total France,France,Total,Total,Brutes,Offres d'emploi collectées,Total,Total,258400
2025-03,Total France,France,Total,Total,Brutes,Offres d'emploi collectées,Total,Total,290300
2025-04,Total France,France,Total,Total,Brutes,Offres d'emploi collectées,Total,Total,283800
2025-05,Total France,France,Total,Total,Brutes,Offres d'emploi collectées,Total,Total,249300
2025-06,Total France,France,Total,Total,Brutes,Offres d'emploi collectées,Total,Total,271800
2025-07,Total France,France,Total,Total,Brutes,Offres d'emploi collectées,Total,Total,274400
2025-08,Total France,France,Total,Total,Brutes,Offres d'emploi collectées,Total,Total,212600
2025-09,Total France,France,Total,Total,Brutes,Offres d'emploi collectées,Total,Total,267400
2025-10,Total France,France,Total,Total,Brutes,Offres d'emploi collectées,Total,Total,258200
2025-11,Total France,France,Total,Total,Brutes,Offres d'emploi collectées,Total,Total,208000
2025-12,Total France,France,Total,Total,Brutes,Offres d'emploi collectées,Total,Total,209100
2026-01,Total France,France,Total,Total,Brutes,Offres d'emploi collectées,Total,Total,253200
